GEOID,houses,Median_household_income
1001,22308,68315
1003,90802,71039
1005,9016,39712
1007,7216,50669
1009,21626,57440
1011,3450,36136
1013,7131,44429
1015,44693,54339
1017,13143,48805
1019,9997,46621
1021,16931,62471
1023,5228,43299
1025,8188,47549
1027,5485,48074
1029,5761,51553
1031,20363,62199
1033,23266,56149
1035,4453,39888
1037,3999,52279
1039,14194,48772
1041,4839,48557
1043,33649,58119
1045,19400,52813
1047,14753,37180
1049,25690,47920
1051,32184,73258
1053,13022,41153
1055,38791,52177
1057,6143,45650
1059,11239,47359
1061,10391,47608
1063,2872,32796
1065,5403,35851
1067,6686,58395
1069,41543,55064
1071,20670,46748
1073,265794,63595
1075,5168,49565
1077,38237,56081
1079,12829,54786
1081,65166,59288
1083,38572,80146
1085,4001,33125
1087,7131,41206
1089,159569,78058
1091,7379,42975
1093,11018,49743
1095,35930,58272
1097,159605,55352
1099,7298,39965
1101,89721,56707
1103,48004,61588
1105,3075,32332
1107,7083,45339
1109,11996,42616
1111,8729,49879
1113,23462,47420
1115,33838,73218
1117,83776,90618
1119,4798,31726
1121,32359,52457
1123,16438,53282
1125,84743,61645
1127,24718,52987
1129,5506,51184
1131,3579,38208
1133,9103,49494
2013,899,79961
2016,969,100662
2020,107134,95731
2050,4565,64094
2060,284,94167
2063,2755,83068
2066,1090,70606
2068,525,87292
2070,1384,69412
2090,35824,81655
2100,786,68276
2105,867,62344
2110,13017,95711
2122,23201,76272
2130,5568,82763
2150,4415,91138
2158,1864,42663
2164,326,61607
2170,39290,86435
2180,2786,70121
2185,2168,83472
2188,1776,77647
2195,1254,77826
2198,2334,61779
2220,3459,95261
2230,410,79583
2240,2189,75378
2275,928,61000
2282,231,76875
2290,2078,47826
4001,19786,37483
4003,49680,58421
4005,51993,67266
4007,22714,55242
4009,12018,64089
4011,3304,73756
4012,8911,46634
4013,1665560,80675
4015,95169,53592
4017,37565,50335
4019,423075,64323
4021,151490,73313
4023,16651,51885
4025,106542,62430
4027,74678,56439
5001,6559,58695
5003,7194,44804
5005,19021,47403
5007,104164,85269
5009,15172,52275
5011,3587,43688
5013,1498,60237
5015,11357,56826
5017,4008,36593
5019,7955,48071
5021,6063,44685
5023,10626,52780
5025,2742,48913
5027,7826,47441
5029,8422,50282
5031,42351,55169
5033,22731,56702
5035,18587,51860
5037,6564,48129
5039,2289,40085
5041,4603,38067
5043,6913,44968
5045,47396,61273
5047,6705,47695
5049,4780,38917
5051,43220,54229
5053,6856,68598
5055,17741,54879
5057,7355,45049
5059,11900,50260
5061,5224,44824
5063,14417,52361
5065,4850,46159
5067,6116,41929
5069,24278,46855
5071,9899,42470
5073,2547,40262
5075,6359,43606
5077,2586,33801
5079,3378,50526
5081,4734,58627
5083,8405,51131
5085,27582,68078
5087,6250,51514
5089,7140,42891
5091,15863,47613
5093,15005,50012
5095,2826,41786
5097,3589,47103
5099,3154,43421
5101,2905,50699
5103,8459,47348
5105,3829,53980
5107,6180,37458
5109,4007,49248
5111,9082,43440
5113,7717,48449
5115,23684,51678
5117,3314,47045
5119,167768,58326
5121,7190,45993
5123,8102,39822
5125,48465,73236
5127,3901,45340
5129,2948,42063
5131,51862,54047
5133,5543,53567
5135,6901,43332
5137,4731,37664
5139,14940,49745
5141,6833,45768
5143,93781,61985
5145,28788,51144
5147,2626,49608
5149,7751,55879
6001,585818,122488
6003,435,101125
6005,15745,74853
6007,83319,66085
6009,17198,77526
6011,7432,69619
6013,408537,120020
6015,9530,61149
6017,75190,99246
6019,318322,67756
6021,9742,64033
6023,54495,57881
6025,47024,53847
6027,7849,63417
6029,277499,63883
6031,43594,68540
6033,26487,56259
6035,8925,59515
6037,3363093,83411
6039,43857,73543
6041,103709,142019
6043,7597,60021
6045,34557,61335
6047,82760,64772
6049,3403,54962
6051,5473,82038
6053,130973,91043
6055,49218,105809
6057,41415,79395
6059,1066286,109361
6061,152537,109375
6063,8104,67885
6065,749976,84505
6067,563856,84010
6069,19852,104451
6071,659928,77423
6073,1149157,96974
6075,360842,136689
6077,237423,82837
6079,108099,90158
6081,264323,149907
6083,148032,92332
6085,650352,153792
6087,96487,104409
6089,71107,68347
6091,1135,61108
6093,18768,53898
6095,154987,97037
6097,189653,99266
6099,175747,74872
6101,33041,72654
6103,24623,59029
6105,5483,47317
6107,140670,64474
6109,22831,70432
6111,275653,102141
6113,76107,85097
6115,27567,66693
8001,181211,86297
8003,6471,52271
8005,250751,92292
8007,5738,66813
8009,1586,42115
8011,1808,45776
8013,133390,99770
8014,30103,117541
8015,9066,65703
8017,740,65577
8019,4589,87169
8021,3087,44093
8023,1530,34578
8025,1315,40685
8027,2181,66250
8029,12263,56349
8031,322964,85853
8033,1185,64708
8035,131971,139010
8037,20084,98887
8039,9514,124360
8041,276371,82748
8043,17677,56165
8045,22390,82772
8047,2853,95902
8049,6238,79367
8051,7759,76538
8053,478,58712
8055,2877,49631
8057,645,38686
8059,238372,103167
8061,551,45250
8063,2979,58992
8065,2837,78942
8067,22691,81936
8069,148851,87199
8071,6631,48965
8073,1922,59167
8075,7985,54864
8077,63098,68077
8079,418,58929
8081,5187,63983
8083,10520,61377
8085,17042,62817
8087,10872,70471
8089,7594,47500
8091,2435,78750
8093,7688,85019
8095,1760,58474
8097,8114,96123
8099,4507,49422
8101,67090,59436
8103,2513,69882
8105,4657,57591
8107,10279,95144
8109,3071,51946
8111,337,67344
8113,3850,72829
8115,1049,45855
8117,11750,100611
8119,11040,69655
8121,2030,59087
8123,115536,89182
8125,3953,60118
9110,386549,88190
9120,117497,83147
9130,73084,99742
9140,177656,82939
9150,38574,83119
9160,45976,87971
9170,226154,83617
9180,113810,80330
9190,230507,118930
10001,68705,69278
10003,220437,85309
10005,99858,75406
11001,315785,101722
12001,108597,57566
12003,9004,67872
12005,74678,65999
12007,9067,54759
12009,246650,71308
12011,741973,70331
12013,4448,41526
12015,84671,62164
12017,67551,52569
12019,79704,82242
12021,156768,82011
12023,26391,53501
12027,12340,45000
12029,6164,45057
12031,396132,65579
12033,126537,61642
12035,47549,69251
12037,4761,58107
12039,15885,45721
12041,6872,56823
12043,4637,37221
12045,5648,56250
12047,4300,47668
12049,8127,44665
12051,13289,49259
12053,79169,59202
12055,44685,53679
12057,559970,70612
12059,7069,46063
12061,65735,67543
12063,16880,46144
12065,5519,51573
12067,2555,57852
12069,153817,66239
12071,311348,69368
12073,118755,61317
12075,17843,49933
12077,2447,51723
12079,6693,43386
12081,161656,71385
12083,154996,55265
12085,66724,77894
12086,952680,64215
12087,34388,80111
12089,36336,84085
12091,83334,73988
12093,14919,50476
12095,491378,72629
12097,119817,64312
12099,589594,76066
12101,223385,63187
12103,418716,66406
12105,264145,60901
12107,29782,44852
12109,102056,100020
12111,126443,66154
12113,69524,84715
12115,199345,77213
12117,183487,79490
12119,64305,70105
12121,15453,49729
12123,7465,46239
12125,4094,64043
12127,232673,63075
12129,11932,72035
12131,31491,74832
12133,9095,47536
13001,6890,43268
13003,3063,38007
13005,3909,43938
13007,1097,45417
13009,15853,54699
13011,6667,69096
13013,28781,75053
13015,38429,74812
13017,7126,38255
13019,6773,48670
13021,59480,48897
13023,4223,56021
13025,6649,40166
13027,5957,42263
13029,15255,90627
13031,29634,53675
13033,8913,50321
13035,8483,60076
13037,1497,48663
13039,20345,68104
13043,4103,45519
13045,42996,66895
13047,25775,68896
13049,4043,45770
13051,117383,66171
13053,2031,52943
13055,9292,43556
13057,97023,100824
13059,53336,48692
13061,1143,43264
13063,104820,56207
13065,2385,53350
13067,291171,94244
13069,14894,48398
13071,16539,47235
13073,50056,92571
13075,6116,46706
13077,54177,90031
13079,4332,56948
13081,7951,47463
13083,6074,59531
13085,10343,84516
13087,10295,47383
13089,284730,76044
13091,6608,46091
13093,3787,54109
13095,34041,45640
13097,50552,76930
13099,4016,48355
13101,1227,61184
13103,22820,79474
13105,7873,48190
13107,8321,47905
13109,3914,55222
13111,11327,54857
13113,42888,105910
13115,35996,57868
13117,84662,131660
13119,8539,52597
13121,450856,86267
13123,12868,70334
13125,1052,60469
13127,33991,65970
13129,20555,57555
13131,9792,51929
13133,7617,77527
13135,317971,82296
13137,15606,61292
13139,69387,74153
13141,2785,31767
13143,11357,65940
13145,12204,85936
13147,10294,61765
13149,4405,62965
13151,82232,79663
13153,60607,76968
13155,3566,46383
13157,25740,82056
13159,5530,57374
13161,5365,41780
13163,5826,46865
13165,3297,31463
13167,3290,47796
13169,10581,66288
13171,6918,64966
13173,3544,39971
13175,17813,46776
13177,11806,83632
13179,22975,55149
13181,3015,50754
13183,5547,56819
13185,43720,52821
13187,11450,67592
13189,8212,54752
13191,4786,51262
13193,3985,33960
13195,10883,53626
13197,2872,48836
13199,8106,52392
13201,2531,52132
13205,7924,45966
13207,10248,74867
13209,2966,49138
13211,7587,81524
13213,14859,60617
13215,79856,54561
13217,39906,70732
13219,14330,116221
13221,5273,66672
13223,56715,89237
13225,10164,60940
13227,13042,72558
13229,7460,54861
13231,6445,83866
13233,15517,51956
13235,3117,42545
13237,9852,60825
13239,958,38889
13241,7020,57261
13243,2553,24638
13245,74028,50605
13247,33240,68999
13249,1578,53274
13251,4727,49941
13253,3653,46063
13255,26303,57367
13257,10213,52901
13259,1738,43094
13261,10639,38899
13263,2538,48065
13265,643,45881
13267,7552,51868
13269,3048,40727
13271,2948,41801
13273,3300,43507
13275,18168,55958
13277,15328,52561
13279,9754,47310
13281,5464,55574
13283,2295,38641
13285,25587,53599
13287,3121,39666
13289,2900,50446
13291,10759,59783
13293,10412,48740
13295,26087,52276
13297,34070,79425
13299,12756,44138
13301,1945,45091
13303,7256,43810
13305,10754,49847
13307,876,35000
13309,1597,36354
13311,10344,66256
13313,35797,59659
13315,2499,46759
13317,4032,51780
13319,3313,40757
13321,7896,56496
15001,72468,74238
15003,333700,99816
15005,32,87813
15007,22978,88869
15009,54728,95379
16001,190641,83881
16003,1687,55891
16005,32704,60998
16007,2323,63244
16009,3826,54191
16011,15627,69433
16013,9298,81794
16015,3396,70776
16017,19228,61816
16019,42402,73103
16021,4710,58810
16023,1024,37358
16025,323,63750
16027,79728,68473
16029,2527,65380
16031,8180,63525
16033,258,53500
16035,3511,55885
16037,1808,60357
16039,10760,55000
16041,4672,61679
16043,4320,67015
16045,7196,65204
16047,5413,60938
16049,6603,54745
16051,9623,77491
16053,8092,67347
16055,67002,71949
16057,15929,62258
16059,3328,49216
16061,1566,46484
16063,1846,62250
16065,11979,53025
16067,7474,63594
16069,17124,65023
16071,1841,67383
16073,4227,58440
16075,9352,62721
16077,2671,56671
16079,5478,44807
16081,4317,88906
16083,33360,61183
16085,3806,72878
16087,4143,50046
17001,27490,63767
17003,1727,40365
17005,6220,58617
17007,19024,80502
17009,2066,64760
17011,13901,64165
17013,1205,88059
17015,6317,61539
17017,5004,64826
17019,82467,61090
17021,13473,56933
17023,6447,65874
17025,5477,58028
17027,14493,78054
17029,20385,53732
17031,2066248,78304
17033,7481,64163
17035,4142,71274
17037,39139,68617
17039,6644,61823
17041,7640,67177
17043,348870,107035
17045,7598,56687
17047,2625,60784
17049,14098,73181
17051,7678,51962
17053,5689,58930
17055,16095,51031
17057,13955,57223
17059,2155,51868
17061,4543,58900
17063,20376,89993
17065,3271,60574
17067,7510,61026
17069,1480,53026
17071,2745,64946
17073,20187,66313
17075,11217,62866
17077,23133,44847
17079,3710,67429
17081,14778,58384
17083,7735,77607
17085,10074,67729
17087,4106,63295
17089,182319,96400
17091,40591,65489
17093,43878,106358
17095,20734,50263
17097,254794,104553
17099,45130,67942
17101,5426,55811
17103,13669,64588
17105,14665,68175
17107,11101,62547
17109,11600,48904
17111,115467,100101
17113,68491,75356
17115,43362,59622
17117,17567,64706
17119,108914,71759
17121,15236,59099
17123,4967,64940
17125,5788,58479
17127,5413,57365
17129,5085,84846
17131,6435,67028
17133,13565,100685
17135,11259,61796
17137,13293,61188
17139,5824,72833
17141,20807,75782
17143,76414,63409
17145,8147,56338
17147,6783,81151
17149,5734,55514
17151,1349,57582
17153,1886,41038
17155,2400,75726
17157,11650,63860
17159,6485,61607
17161,61014,64435
17163,100701,68915
17165,10165,51710
17167,84017,71653
17169,2725,63737
17171,1952,70500
17173,8762,65585
17175,2326,58125
17177,19337,57527
17179,53676,74606
17181,6763,54090
17183,29904,52787
17185,4778,54074
17187,6836,62700
17189,5747,75111
17191,6848,53522
17193,5676,54605
17195,23164,62828
17197,239064,103678
17199,28521,60325
17201,115214,61738
17203,14725,80093
18001,12349,61731
18003,151877,66222
18005,32773,76912
18007,3423,58620
18009,4980,51108
18011,26959,103038
18013,6580,73933
18015,7967,61464
18017,14970,55862
18019,47844,69005
18021,10422,68364
18023,12382,59515
18025,4336,46706
18027,11606,64113
18029,19915,80352
18031,10301,71566
18033,16983,68110
18035,46159,53377
18037,17437,68945
18039,71751,63978
18041,9672,52219
18043,30911,75686
18045,6820,60559
18047,8976,75985
18049,7794,62644
18051,12978,64153
18053,26550,53033
18055,12643,57771
18057,129749,114866
18059,31424,85262
18061,14743,71302
18063,64403,95261
18065,18549,57632
18067,34957,62014
18069,15165,59894
18071,17574,65609
18073,12554,77777
18075,8091,52231
18077,12890,57801
18079,10461,66892
18081,60274,82730
18083,14943,58173
18085,31325,70945
18087,12641,81658
18089,191872,66375
18091,43235,66854
18093,18873,64210
18095,51788,60060
18097,392837,59504
18099,16915,66016
18101,3963,65489
18103,13069,59551
18105,57466,60308
18107,15404,62937
18109,27138,79134
18111,5469,63673
18113,17688,70286
18115,2552,66333
18117,7951,60775
18119,8466,57947
18121,5725,63393
18123,7586,58936
18125,5031,64182
18127,67945,82915
18129,10179,75594
18131,4795,56823
18133,13808,70609
18135,10191,59674
18137,11114,70285
18139,6719,62386
18141,107466,61877
18143,9693,49343
18145,18034,66449
18147,7858,66168
18149,8647,59916
18151,13794,68837
18153,7709,54556
18155,3783,66525
18157,73327,55728
18159,6170,71947
18161,2912,68514
18163,76857,58839
18165,6506,59567
18167,42756,52789
18169,12471,66194
18171,3312,72833
18173,24540,91105
18175,10882,60695
18177,27159,54854
18179,11155,68074
18181,9859,65345
18183,13826,73636
19001,3224,63172
19003,1523,64750
19005,5970,64049
19007,5028,50684
19009,2535,54973
19011,10114,79444
19013,53691,62329
19015,10893,75759
19017,9684,84727
19019,8020,73493
19021,7538,62662
19023,5839,65743
19025,3852,65614
19027,8696,68041
19029,5771,60815
19031,7508,76959
19033,19450,63149
19035,5143,63638
19037,4920,72734
19039,3879,63120
19041,7225,61756
19043,7286,60441
19045,19174,61080
19047,6214,61188
19049,39386,99533
19051,3172,77176
19053,3058,56068
19055,7068,75896
19057,17251,58084
19059,8279,72446
19061,39985,73495
19063,3881,64461
19065,8228,56043
19067,6600,62356
19069,4102,62214
19071,2736,69375
19073,3837,56884
19075,5062,80701
19077,4518,75795
19079,6203,66685
19081,4582,67865
19083,7029,64656
19085,5963,75830
19087,7642,62365
19089,3636,63947
19091,4213,66617
19093,3016,63125
19095,6798,69787
19097,8109,69709
19099,14630,67784
19101,6826,52210
19103,61414,72977
19105,8062,68781
19107,4085,60016
19109,6421,62553
19111,14246,58094
19113,94291,75457
19115,4112,72500
19117,3621,63405
19119,4412,73735
19121,6475,88110
19123,8873,65200
19125,13310,74193
19127,15288,70828
19129,5261,81907
19131,4505,66056
19133,3852,59897
19135,3032,76324
19137,4493,61261
19139,17075,67427
19141,5700,65076
19143,2631,67561
19145,6137,58264
19147,3635,67306
19149,10214,79963
19151,3083,61434
19153,199013,78827
19155,37162,68718
19157,7761,61192
19159,1844,67898
19161,4210,68778
19163,71436,72792
19165,4933,70295
19167,12462,81914
19169,38412,66197
19171,6703,65483
19173,2442,65926
19175,4979,56495
19177,2842,58417
19179,14193,56209
19181,19906,89741
19183,8922,71122
19185,2531,58257
19187,15582,65335
19189,4511,62853
19191,8218,67770
19193,40299,68399
19195,3190,69897
19197,5373,58240
20001,4981,55059
20003,3165,67651
20005,5840,55281
20007,1771,53774
20009,10055,54634
20011,5875,55826
20013,3664,55876
20015,24760,77724
20017,1065,52481
20019,1323,51210
20021,7533,53382
20023,1207,52730
20025,807,58287
20027,3570,57765
20029,3677,51197
20031,3543,67645
20033,827,49754
20035,13091,55726
20037,15806,49779
20039,1324,49412
20041,7903,62971
20043,2735,66358
20045,49605,66153
20047,1225,52750
20049,1028,50000
20051,11958,59665
20053,2305,59844
20055,13021,68481
20057,11676,67997
20059,10185,68217
20061,13512,57992
20063,1182,59417
20065,1200,47071
20067,2420,84808
20069,2054,74500
20071,553,69948
20073,2584,51812
20075,716,58750
20077,2186,53032
20079,13246,70685
20081,1354,66458
20083,710,63125
20085,5182,70385
20087,7316,74562
20089,1278,47109
20091,241191,103644
20093,1352,68750
20095,3104,59640
20097,927,70347
20099,7956,56143
20101,672,52222
20103,29226,84307
20105,1223,52540
20107,4093,56697
20109,1209,70382
20111,13223,56415
20113,12140,71250
20115,4577,60011
20117,4079,64306
20119,1602,74063
20121,13239,85564
20123,2445,63008
20125,12682,51513
20127,2288,52866
20129,939,57943
20131,3986,72788
20133,6207,54894
20135,1144,64907
20137,1881,52710
20139,6280,66155
20141,1604,58750
20143,2374,74551
20145,2396,54141
20147,2191,57611
20149,9054,85241
20151,3580,61685
20153,1165,61827
20155,25157,57390
20157,2029,54531
20159,3763,58523
20161,26765,56327
20163,2127,60821
20165,1344,53523
20167,2995,49929
20169,22358,59887
20171,2143,53365
20173,202485,65372
20175,7071,57131
20177,74394,63463
20179,1009,66719
20181,2317,61404
20183,1560,50943
20185,1610,60000
20187,888,66000
20189,1715,67950
20191,8977,59397
20193,3129,72417
20195,1308,77500
20197,2570,70000
20199,663,57708
20201,2344,59432
20203,880,69551
20205,3492,55439
20207,1213,50670
20209,61282,57771
21001,6803,49690
21003,7816,57159
21005,9180,69885
21007,2959,57111
21009,17592,48141
21011,4844,51471
21013,9456,33658
21015,49587,91697
21017,8067,54580
21019,18533,58327
21021,11649,56568
21023,3138,59911
21025,5529,38209
21027,7542,51756
21029,31068,73900
21031,4501,47589
21033,5128,52488
21035,14805,48276
21037,38684,71979
21039,1905,53065
21041,4039,50625
21043,9778,47004
21045,6029,42190
21047,25602,48920
21049,14762,61878
21051,7110,37888
21053,3672,41180
21055,3495,45810
21057,2519,40515
21059,40722,64021
21061,4760,53029
21063,2263,39469
21065,5740,39980
21067,136104,66087
21069,5747,46885
21071,14282,38723
21073,22553,62929
21075,2378,35449
21077,3108,58641
21079,6488,58263
21081,9146,65461
21083,14304,52526
21085,9705,47024
21087,4399,38595
21089,14478,58562
21091,3466,68102
21093,42638,64136
21095,10498,35128
21097,7291,58840
21099,7199,45561
21101,18285,56912
21103,6017,58294
21105,1621,68589
21107,18345,54466
21109,5154,38516
21111,327211,66296
21113,19251,69905
21115,8534,44231
21117,67353,76016
21119,5563,38336
21121,11229,34254
21123,5967,57867
21125,23424,53693
21127,5721,42488
21129,2637,31682
21131,3698,37019
21133,8415,38466
21135,4757,36662
21137,9692,49487
21139,3537,56125
21141,10850,58869
21143,3229,64081
21145,27000,58490
21147,5510,35000
21149,3609,64020
21151,36148,59797
21153,4554,31927
21155,7588,49627
21157,12998,64597
21159,3756,45265
21161,6695,48460
21163,10554,68518
21165,2262,43797
21167,9079,60728
21169,4160,46932
21171,4544,47252
21173,10705,53436
21175,4665,46018
21177,11847,50935
21179,18457,66212
21181,2614,57539
21183,9041,52474
21185,22128,117334
21187,4146,56485
21189,1383,32844
21191,5270,58723
21193,11279,45330
21195,23967,41271
21197,4658,38415
21199,25711,48768
21201,797,53798
21203,6380,45693
21205,8952,50038
21207,7007,48220
21209,21603,80782
21211,17590,81012
21213,7530,55907
21215,6916,101118
21217,9843,63211
21219,4476,57891
21221,5818,55864
21223,3273,66492
21225,5067,58260
21227,52545,63074
21229,4635,65456
21231,7897,41583
21233,4819,55451
21235,13076,44332
21237,2506,28666
21239,10493,78295
22001,21388,44977
22003,7636,52755
22005,46040,93800
22007,8368,47023
22009,14600,38696
22011,13587,68525
22013,5375,34268
22015,48651,64598
22017,94475,47572
22019,76853,64370
22021,3521,45707
22023,2166,69847
22025,3030,48259
22027,5060,32034
22029,6302,38929
22031,10235,49807
22033,173792,62083
22035,2381,30856
22037,6613,64709
22039,12128,34526
22041,7308,41129
22043,6719,57362
22045,26954,55190
22047,11042,59410
22049,5461,40406
22051,176165,63257
22053,11682,52470
22055,97694,66617
22057,36828,61381
22059,4665,59926
22061,18043,37001
22063,49770,77978
22065,3092,34508
22067,9474,37875
22069,13866,41310
22071,155669,51116
22073,59595,49261
22075,8172,77996
22077,8203,53045
22079,48544,55407
22081,2934,43821
22083,7295,48125
22085,8339,40777
22087,15732,55857
22089,18591,79191
22091,4004,46402
22093,7498,62946
22095,15232,65114
22097,30888,44478
22099,19874,50806
22101,18628,47322
22103,101212,76914
22105,48658,55274
22107,1593,35653
22109,41505,63088
22111,8172,47068
22113,21704,56194
22115,17726,56547
22117,17162,41803
22119,14801,34263
22121,10080,80510
22123,3785,45035
22125,3822,71985
22127,4882,44922
23001,45825,64500
23003,29237,50843
23005,128184,87710
23007,12276,56890
23009,24660,64149
23011,53452,62118
23013,17780,68904
23015,15848,69638
23017,23183,54780
23019,63687,59438
23021,7654,51805
23023,16060,77591
23025,22074,53527
23027,17263,62694
23029,13585,51669
23031,89404,79743
24001,27462,55248
24003,221704,116009
24005,328611,88157
24009,33284,128078
24011,12013,65326
24013,63318,111672
24015,39338,86869
24017,59205,116882
24019,13216,57490
24021,99891,115724
24023,12448,64447
24025,98822,106417
24027,119230,140971
24029,8375,71635
24031,385284,125583
24033,341057,97935
24035,19351,108332
24037,41211,113668
24039,8355,52149
24041,16270,81667
24043,59051,73017
24045,39939,69421
24047,23457,76689
24510,247232,58349
25001,99969,90447
25003,56078,69744
25005,229861,80628
25007,6899,93225
25009,310059,94378
25011,31234,70383
25013,183380,66619
25015,61414,84025
25017,629775,121304
25019,4659,135590
25021,279104,120621
25023,198937,105387
25025,319307,87669
25027,330319,88524
26001,4832,50295
26003,3274,55528
26005,44621,75543
26007,12721,49133
26009,10741,68850
26011,6355,53487
26013,3241,51911
26015,24286,75182
26017,44999,57887
26019,7173,71327
26021,63512,60379
26023,16769,60600
26025,53050,58191
26027,20779,65183
26029,12232,69764
26031,10650,59557
26033,13747,58408
26035,11935,47816
26037,31060,82594
26039,5833,57998
26041,15851,53852
26043,11560,59651
26045,45000,77158
26047,14530,69690
26049,166060,58594
26051,10859,53717
26053,6937,47913
26055,38572,75553
26057,14705,57934
26059,17606,59425
26061,14173,52736
26063,13617,54475
26065,115648,62548
26067,22765,71720
26069,11558,46224
26071,5190,52241
26073,24875,52638
26075,62059,62581
26077,105797,67905
26079,7377,56380
26081,252694,76247
26083,1065,55560
26085,4549,45946
26087,34239,75402
26089,9246,82345
26091,38626,65484
26093,74841,96135
26095,2065,51015
26097,5226,60620
26099,354251,73876
26101,9927,59467
26103,27345,63115
26105,12296,60744
26107,16103,54132
26109,9971,54074
26111,34336,73643
26113,5816,57667
26115,62240,72573
26117,23984,61250
26119,4678,46345
26121,66595,61347
26123,19047,59065
26125,524762,92620
26127,9936,60691
26129,9089,50377
26131,2872,48316
26133,8877,54875
26135,3500,48692
26137,10766,62865
26139,108362,83932
26141,6110,55986
26143,11358,49898
26145,78000,56579
26147,65989,66887
26149,23478,62281
26151,17296,55740
26153,3785,55071
26155,27925,62498
26157,21518,59815
26159,29609,65531
26161,148704,84245
26163,688461,57223
26165,13167,58652
27001,6797,56406
27003,134390,95782
27005,14134,68683
27007,17870,62173
27009,16312,70346
27011,2242,63024
27013,27110,70906
27015,10926,67038
27017,13795,74660
27019,39293,116308
27021,12482,61970
27023,5206,62112
27025,20911,97446
27027,25512,75006
27029,3196,62723
27031,2672,71937
27033,4613,63586
27035,28141,65975
27037,169404,101360
27039,7827,92890
27041,17252,72472
27043,6006,64000
27045,8460,73234
27047,12890,65679
27049,19633,78338
27051,2540,67600
27053,529029,92595
27055,8028,71580
27057,8778,67197
27059,15572,84063
27061,18121,63962
27063,4391,68368
27065,6518,68995
27067,17128,73285
27069,1722,66000
27071,5703,59779
27073,2838,66967
27075,5036,73860
27077,1632,61667
27079,11340,87180
27081,2433,64750
27083,9924,68919
27085,14825,73296
27087,1879,52739
27089,3746,69396
27091,8870,61674
27093,8975,75926
27095,10546,68088
27097,13718,66264
27099,15653,66972
27101,3532,71500
27103,12913,79113
27105,7689,62973
27107,2660,65278
27109,65970,90420
27111,24910,67990
27113,6150,71504
27115,11380,65059
27117,3965,68341
27119,12472,69540
27121,4897,71212
27123,216969,78108
27125,1638,73889
27127,6075,65617
27129,5876,66313
27131,23265,78214
27133,3923,75060
27135,5833,70122
27137,85726,66491
27139,53014,118268
27141,34379,99431
27143,5882,74781
27145,60509,73105
27147,15011,79722
27149,3798,69737
27151,4154,58362
27153,9767,63216
27155,1433,63456
27157,9229,75063
27159,5734,54747
27161,7493,71856
27163,101177,110828
27165,4301,65197
27167,2667,67114
27169,20215,66162
27171,51523,102980
27173,3978,70605
28001,11618,37271
28003,13975,47716
28005,5834,34866
28007,6311,42680
28009,3086,38750
28011,11704,37845
28013,5641,44505
28015,4037,42285
28017,6767,40224
28019,3532,41887
28021,2624,34282
28023,6117,46329
28025,7582,37412
28027,8387,36075
28029,9841,46889
28031,6954,40164
28033,68353,79666
28035,29351,49340
28037,2974,43942
28039,8978,51349
28041,3910,50000
28043,8434,45745
28045,19386,63623
28047,80191,55211
28049,89585,48596
28051,5798,28818
28053,2991,31907
28055,392,17900
28057,8976,57252
28059,55373,60045
28061,6447,43914
28063,2530,31544
28065,4453,36473
28067,24323,49451
28069,3143,42947
28071,18702,59748
28073,24896,67972
28075,28349,45649
28077,4473,41096
28079,7369,46669
28081,32001,64479
28083,9656,33115
28085,13070,47069
28087,22651,53687
28089,42182,79105
28091,9102,38399
28093,12797,51431
28095,13410,51190
28097,3830,36845
28099,10199,47400
28101,7706,49160
28103,3696,42298
28105,21165,42953
28107,12392,47894
28109,21188,54220
28111,4462,48333
28113,14745,40131
28115,11630,54414
28117,9296,51578
28119,2656,31192
28121,58982,76460
28123,9696,44968
28125,1374,41000
28127,9534,50867
28129,5450,51983
28131,6517,55894
28133,8136,37403
28135,4301,35428
28137,10496,61286
28139,8091,47968
28141,8463,45545
28143,3595,41676
28145,10227,55970
28147,5290,37145
28149,16823,54117
28151,17290,38394
28153,7410,34875
28155,4065,55657
28157,3264,34928
28159,7131,45516
28161,5106,47006
28163,8807,41867
29001,8864,51020
29003,6865,68774
29005,2351,58521
29007,8968,51745
29009,13415,55592
29011,4477,48105
29013,5929,54122
29015,8146,50229
29017,3791,52306
29019,74269,66564
29021,33363,58303
29023,16269,47245
29025,3480,58269
29027,15981,70599
29029,16494,59834
29031,31578,65070
29033,3367,59101
29035,1925,45737
29037,41524,82473
29039,5476,43589
29041,2591,61910
29043,33411,75787
29045,2300,53362
29047,99501,82264
29049,8047,66494
29051,30151,70667
29053,6125,62239
29055,9285,52367
29057,3020,46806
29059,6604,46547
29061,3016,59706
29063,3715,67910
29065,5825,51410
29067,4616,47848
29069,11134,44868
29071,41512,70111
29073,5970,62638
29075,2347,53799
29077,131109,54968
29079,3806,51045
29081,3013,51809
29083,9241,54903
29085,3504,33302
29087,1744,55153
29089,3350,59023
29091,15433,46401
29093,3821,53401
29095,298908,65169
29097,47481,54963
29099,86455,77217
29101,20613,62503
29103,1154,49167
29105,14345,49202
29107,12165,78397
29109,14629,52225
29111,3329,49779
29113,21961,82543
29115,4773,58435
29117,5463,58772
29119,8399,46494
29121,5848,54113
29123,4633,54042
29125,3602,56491
29127,11295,62492
29129,1253,55592
29131,10116,53490
29133,4612,40833
29135,5691,66792
29137,3425,50245
29139,4644,58660
29141,7820,48841
29143,6769,44092
29145,21991,60313
29147,8261,53917
29149,3383,41365
29151,5220,70313
29153,3654,39125
29155,6275,37426
29157,7329,61486
29159,16696,57581
29161,17730,53242
29163,6307,53363
29165,42606,92543
29167,11803,54487
29169,15653,62541
29171,1768,50950
29173,4014,62615
29175,9101,51480
29177,8773,69779
29179,2309,43856
29181,3936,42541
29183,156381,99596
29185,3955,43483
29186,7121,61215
29187,23973,53083
29189,413247,78067
29195,7808,55396
29197,1264,53728
29199,1527,58656
29201,15160,54621
29203,2753,46767
29205,2362,50387
29207,11472,51703
29209,12726,58392
29211,1991,53438
29213,21595,54467
29215,9335,42870
29217,7776,53318
29219,13067,75531
29221,9032,49364
29223,4490,42758
29225,13717,65103
29227,773,43536
29229,6825,43573
29510,143059,52941
30001,4107,55867
30003,3622,52463
30005,2271,58507
30007,2872,61679
30009,4650,66780
30011,598,46486
30013,34577,61351
30015,2184,51791
30017,4996,61114
30019,714,47378
30021,3770,68168
30023,4336,46436
30025,1164,79750
30027,5186,58321
30029,42154,68025
30031,47874,83434
30033,412,61786
30035,4175,41078
30037,355,54792
30039,1343,53917
30041,6218,58427
30043,4681,73875
30045,898,58750
30047,12050,58009
30049,30281,71967
30051,713,48047
30053,8882,44593
30055,782,79022
30057,3559,61226
30059,834,55753
30061,2078,56098
30063,50446,66840
30065,2137,54875
30067,8055,67602
30069,189,57981
30071,1749,61250
30073,2153,59861
30075,746,60313
30077,2298,60994
30079,485,44107
30081,18847,67424
30083,4529,67515
30085,3050,51038
30087,3043,57656
30089,5425,47110
30091,1439,67457
30093,15080,56297
30095,3801,78380
30097,1446,64872
30099,2464,65224
30101,1795,54040
30103,333,70096
30105,2833,59725
30107,875,48272
30109,466,58750
30111,67897,72300
31001,12717,61502
31003,2607,61924
31005,178,66667
31007,249,62375
31009,201,52083
31011,2240,66800
31013,4573,67893
31015,807,57120
31017,1217,44267
31019,19544,70093
31021,2790,54950
31023,3508,75690
31025,10339,87673
31027,3354,72035
31029,1478,57313
31031,2110,62373
31033,4311,54038
31035,2475,73933
31037,3616,71205
31039,3711,68917
31041,4543,62288
31043,7181,66112
31045,3484,53760
31047,8810,67462
31049,861,58875
31051,2215,60568
31053,14624,66793
31055,231469,76083
31057,788,58977
31059,2383,72335
31061,1255,55625
31063,1033,62928
31065,2003,58895
31067,9154,60035
31069,829,47139
31071,775,64957
31073,751,76583
31075,281,65139
31077,907,52813
31079,24026,63553
31081,3577,73254
31083,1221,64583
31085,374,59405
31087,1109,49456
31089,3996,66325
31091,292,43333
31093,2544,70766
31095,3122,54494
31097,1722,64352
31099,2683,74276
31101,3781,59511
31103,323,63977
31105,1501,53151
31107,3269,61250
31109,129869,70387
31111,14485,63019
31113,307,69250
31115,272,50000
31117,193,58250
31119,14002,61139
31121,3175,57873
31123,1814,57325
31125,1307,60054
31127,2851,57196
31129,1748,66000
31131,6408,73031
31133,1070,55833
31135,1154,61786
31137,3805,65114
31139,2876,65603
31141,13292,69943
31143,2019,67695
31145,4315,58344
31147,3587,50321
31149,577,57566
31151,5137,71104
31153,71142,95911
31155,8789,84474
31157,15119,60137
31159,6576,79677
31161,2101,53609
31163,1303,60194
31165,450,50833
31167,2237,76035
31169,2056,60305
31171,306,70069
31173,1993,63459
31175,1750,62321
31177,8234,89671
31179,3731,64951
31181,1480,62571
31183,346,59167
31185,5592,72914
32001,9595,69922
32003,832367,69911
32005,21001,84262
32007,19032,87755
32009,485,40694
32011,570,73929
32013,6986,75574
32015,2256,92388
32017,1645,67412
32019,23290,70026
32021,1881,46625
32023,21847,53602
32027,1886,66304
32029,1692,86932
32031,192420,81531
32033,3363,71297
32510,23355,67465
33001,25956,80719
33003,21644,77049
33005,30307,76551
33007,13620,55247
33009,35084,79949
33011,166344,95112
33013,59851,88806
33015,125464,110225
33017,50953,83212
33019,15893,70788
34001,106640,73113
34003,350843,118714
34005,174454,102615
34007,198757,82005
34009,43277,83870
34011,52584,62310
34013,312942,73785
34015,109996,99668
34017,290054,86854
34019,49676,133534
34021,139549,92697
34023,301967,105206
34025,248117,118527
34027,189607,130808
34029,239466,82379
34031,177209,84465
34033,24744,73378
34035,127566,131948
34037,56348,111094
34039,199996,95000
34041,44370,92620
35001,281095,62220
35003,1609,44777
35005,23280,49673
35006,8124,49866
35007,5549,46286
35009,18535,55427
35011,741,34702
35013,81969,51232
35015,22703,77458
35017,11292,44895
35019,1295,38713
35021,243,39489
35023,1557,53651
35025,24379,65855
35027,9031,47919
35028,8149,135801
35029,8951,38241
35031,20913,44029
35033,2091,40231
35035,23832,50833
35037,3757,38998
35039,14076,52031
35041,6961,52644
35043,54911,76424
35045,41049,50734
35047,11586,43490
35049,67866,70522
35051,5285,35256
35053,4953,40699
35055,13736,55145
35057,5599,50727
35059,1463,41714
35061,26272,56246
36001,132175,78829
36003,16813,58725
36005,525387,47036
36007,81339,58317
36009,31491,56889
36011,30910,63227
36013,53405,54625
36015,34779,61358
36017,19886,61741
36019,32651,67097
36021,25300,81741
36023,18514,65029
36025,18780,58338
36027,113972,94578
36029,406547,68014
36031,15750,68090
36033,18933,60270
36035,22103,60557
36037,24416,68178
36039,17903,70294
36041,1725,66891
36043,24664,68104
36045,46099,62782
36047,997957,74692
36049,10672,64401
36051,24071,70443
36053,25218,68869
36055,314727,71450
36057,18918,58033
36059,454771,137709
36061,772601,99880
36063,90982,65882
36065,92944,66402
36067,192785,71479
36069,47080,76603
36071,135140,91806
36073,16201,61069
36075,47203,65054
36077,22305,65778
36079,34903,120970
36081,816859,82431
36083,66088,83734
36085,170000,96185
36087,102579,106173
36089,41399,58339
36091,98409,97038
36093,63964,75056
36095,12283,71479
36097,7446,61316
36099,13622,64050
36101,39165,62506
36103,510686,122498
36105,29895,67841
36107,20312,70427
36109,42984,69995
36111,72265,77197
36113,29782,74531
36115,24235,68703
36117,37756,71007
36119,367740,114651
36121,16152,65066
36123,8882,63974
37001,67370,60866
37003,13761,62764
37005,4937,42115
37007,8266,42000
37009,11823,49176
37011,6481,53513
37013,18972,56081
37015,6984,41652
37017,11386,40476
37019,60915,71193
37021,102921,66531
37023,35195,53732
37025,76880,83828
37027,32120,52362
37029,3871,79120
37031,30414,66965
37033,8507,56999
37035,64442,62070
37037,31131,84222
37039,12758,49254
37041,6216,51188
37043,4892,57065
37045,36567,50723
37047,19185,43206
37049,41004,61676
37051,126745,55551
37053,11108,82793
37055,16081,79742
37057,67684,58473
37059,16468,69105
37061,20289,49376
37063,135469,74927
37065,19350,46370
37067,153096,61229
37069,26473,70493
37071,90427,62628
37073,4144,55750
37075,3179,46010
37077,21505,68079
37079,6793,50320
37081,212825,62880
37083,20139,41629
37085,47870,64992
37087,26481,56596
37089,49494,65508
37091,8353,46196
37093,18481,57141
37095,2002,43724
37097,72296,73103
37099,17737,51482
37101,79387,75288
37103,3815,53053
37105,24050,60941
37107,22665,43063
37109,34910,75672
37111,18184,53532
37113,17386,51042
37115,8447,56664
37117,9332,44799
37119,446584,79265
37121,6479,55534
37123,9505,55523
37125,41782,77981
37127,37793,56770
37129,99975,67515
37131,7463,45698
37133,71009,59976
37135,55534,85785
37137,5130,55867
37139,15422,61411
37141,23258,74538
37143,5568,59401
37145,16139,60688
37147,72153,54915
37149,8541,60465
37151,55894,56423
37153,16605,42354
37155,42509,39393
37157,38710,50737
37159,56618,59717
37161,26273,50512
37163,21395,49963
37165,12224,41948
37167,23773,60634
37169,18993,57539
37171,28990,52743
37173,5684,52818
37175,14353,62056
37177,1351,55341
37179,80271,95533
37181,16123,48340
37183,430497,96734
37185,7686,42282
37187,4897,38927
37189,21194,50034
37191,46949,54323
37193,27249,49119
37195,32287,49827
37197,14850,57486
37199,7859,53103
38001,997,57950
38003,4892,64447
38005,1869,63220
38007,320,74000
38009,2613,80113
38011,1188,79709
38013,950,94583
38015,39885,82141
38017,79505,73249
38019,1519,61174
38021,1916,60250
38023,905,95938
38025,1493,91758
38027,1077,50375
38029,1490,63750
38031,1492,78426
38033,673,84750
38035,30735,64698
38037,1060,57069
38039,927,66688
38041,1055,66797
38043,1111,57240
38045,1698,70227
38047,770,59750
38049,2312,78071
38051,1193,64375
38053,5350,83813
38055,4176,80556
38057,3536,82155
38059,13177,79555
38061,3539,81886
38063,1297,62219
38065,698,69722
38067,2961,64243
38069,1689,59583
38071,5049,61490
38073,2347,71462
38075,859,77067
38077,6781,67089
38079,3668,53806
38081,1732,75648
38083,644,68684
38085,1047,41201
38087,351,70625
38089,13200,78734
38091,716,85750
38093,9110,59167
38095,964,61250
38097,3285,81157
38099,4467,68082
38101,28351,78143
38103,1800,59732
38105,15599,86139
39001,10175,46234
39003,40735,58976
39005,20478,62254
39007,38549,53663
39009,22582,48750
39011,18858,75231
39013,25974,56943
39015,16958,66677
39017,144536,77062
39019,11355,59872
39021,15612,70486
39023,55429,58954
39025,82712,79573
39027,16390,64210
39029,41251,55473
39031,14739,52048
39033,18168,52486
39035,552421,60074
39037,21026,60237
39039,15262,69302
39041,78456,123995
39043,32103,65171
39045,58723,82969
39047,11620,56773
39049,542366,71070
39051,16869,71453
39053,11303,55533
39055,35321,97162
39057,66856,81243
39059,16165,53901
39061,348491,68249
39063,31343,67006
39065,11640,55876
39067,5799,54056
39069,11179,71616
39071,16688,60522
39073,11279,59007
39075,13314,72987
39077,23096,64144
39079,12453,56549
39081,26973,53124
39083,23117,71246
39085,99324,76835
39087,22455,51846
39089,67239,78505
39091,19168,69125
39093,124510,67272
39095,181383,57265
39097,15264,77062
39099,97655,54279
39101,24306,55106
39103,72097,89968
39105,8833,46255
39107,16022,73278
39109,44152,71440
39111,5574,55381
39113,228062,61942
39115,5657,51056
39117,13222,70412
39119,34599,56810
39121,4545,51547
39123,17995,69515
39125,7590,65331
39127,13371,62899
39129,21074,67600
39131,10495,50832
39133,63588,69796
39135,16606,66355
39137,13191,79453
39139,49673,56557
39141,29565,58048
39143,24038,60814
39145,28030,46360
39147,21910,62476
39149,18599,73502
39151,154690,63130
39153,228635,68360
39155,85042,53537
39157,37774,61953
39159,22644,104496
39161,11666,64841
39163,5104,50967
39165,88735,103128
39167,24622,59053
39169,44206,70320
39171,15381,60632
39173,53771,70537
39175,8982,68552
40001,6848,44955
40003,1829,75028
40005,4848,49181
40007,1727,62981
40009,8013,51499
40011,3431,56843
40013,17941,54289
40015,9099,52443
40017,56300,82364
40019,18738,56390
40021,17993,52410
40023,5805,43252
40025,752,57100
40027,114370,71757
40029,2083,47117
40031,44429,57150
40033,2022,60208
40035,5176,48018
40037,27374,61657
40039,10700,58669
40041,16620,53290
40043,1574,61310
40045,1412,57768
40047,23815,64165
40049,9906,53600
40051,20321,74349
40053,1522,58980
40055,2024,55204
40057,954,55729
40059,1215,59934
40061,4518,46239
40063,3902,44799
40065,9835,60954
40067,2081,48346
40069,3889,48476
40071,16632,53746
40073,5520,65167
40075,3294,42679
40077,3852,42735
40079,17835,46750
40081,12782,57656
40083,17316,80565
40085,3686,60758
40087,15447,80150
40089,11267,47046
40091,7374,43467
40093,3167,67621
40095,5670,53734
40097,15112,56552
40099,5059,60213
40101,25598,50289
40103,4257,66813
40105,3701,50960
40107,3871,45429
40109,318212,62505
40111,13983,50819
40113,16851,58189
40115,11718,46186
40117,5959,56279
40119,31843,46658
40121,17404,53054
40123,14801,59457
40125,26422,58270
40127,4229,42274
40129,1458,57574
40131,35101,75312
40133,8536,43239
40135,14960,47494
40137,17032,57065
40139,6865,55682
40141,2595,46306
40143,264296,65229
40145,30086,75082
40147,20404,59426
40149,4046,60600
40151,3397,50724
40153,8007,61207
41001,7004,51657
41003,37853,72882
41005,160984,95740
41007,17246,68025
41009,20335,83265
41011,28075,57563
41013,10291,74969
41015,11148,64300
41017,81481,82042
41019,46242,56440
41021,862,58409
41023,3368,56045
41025,3102,45462
41027,9039,80254
41029,89876,67690
41031,8591,69345
41033,36210,56068
41035,28186,57219
41037,3364,54663
41039,158621,65157
41041,22483,57794
41043,49944,69523
41045,9952,48371
41047,123460,70926
41049,4201,64975
41051,343370,83668
41053,32222,77353
41055,770,57171
41057,11522,63098
41059,27422,70322
41061,10700,61946
41063,3271,62238
41065,10488,61316
41067,230122,100121
41069,624,50774
41071,38371,80125
42001,40006,78975
42003,545637,72537
42005,27767,61011
42007,71999,67194
42009,19571,58337
42011,161174,74617
42013,50587,59386
42015,24361,60650
42017,246834,107826
42019,79466,82932
42021,55541,54221
42023,2210,46186
42025,26662,64538
42027,58285,70087
42029,200622,118574
42031,14808,58690
42033,31741,56982
42035,14877,59011
42037,25878,59457
42039,33191,58734
42041,104053,82849
42043,117907,71046
42045,215833,86390
42047,13485,61672
42049,109474,59396
42051,54937,55579
42053,1844,46188
42055,62576,71808
42057,6126,63153
42059,13957,66283
42061,15771,61300
42063,32285,57170
42065,18018,56607
42067,8852,61915
42069,87896,63739
42071,208988,81458
42073,35933,57585
42075,55236,72532
42077,142160,74973
42079,132608,60836
42081,45705,63437
42083,15931,57861
42085,45890,57353
42087,18612,58012
42089,59113,80656
42091,329680,107441
42093,7633,72626
42095,120384,82201
42097,37775,55952
42099,18066,76103
42101,659129,57537
42103,23780,76416
42105,6595,56491
42107,56987,63574
42109,14430,65914
42111,28956,57357
42113,2462,62910
42115,15641,63968
42117,16583,59707
42119,14172,64914
42121,21323,59278
42123,16209,57925
42125,87200,74403
42127,19747,59240
42129,153237,69454
42131,10788,67968
42133,178543,79183
44001,19173,105875
44003,72199,85732
44005,35786,96319
44007,253635,72579
44009,51426,99510
45001,9620,49759
45003,67904,63212
45005,3220,37096
45007,80301,62347
45009,4610,43920
45011,8342,42470
45013,76113,81260
45015,86958,77874
45017,5951,55550
45019,171795,78795
45021,21288,47011
45023,12890,50022
45025,17116,46326
45027,11684,48677
45029,15656,46795
45031,25022,44317
45033,10433,42454
45035,59731,73686
45037,9403,60033
45039,8795,44521
45041,52244,56088
45043,26029,59782
45045,210349,71328
45047,27640,47553
45049,7084,40157
45051,142383,59880
45053,11795,60452
45055,25239,61343
45057,37893,72186
45059,25757,52077
45061,6212,39099
45063,118673,71280
45065,3947,55569
45067,11256,35972
45069,9463,34275
45071,15027,56706
45073,33240,56710
45075,32687,41020
45077,50341,57628
45079,162726,59850
45081,7365,51041
45083,125394,61955
45085,40917,53970
45087,11580,42305
45089,11999,40848
45091,109013,80158
46003,1053,71490
46005,7443,63813
46007,1014,44821
46009,2414,57554
46011,13366,64438
46013,16035,70379
46015,1958,64821
46017,492,42917
46019,4112,58106
46021,691,66932
46023,2963,60729
46025,1360,59340
46027,5416,55963
46029,12165,65747
46031,1071,48125
46033,3862,75943
46035,8448,55606
46037,2348,57558
46039,1795,76997
46041,1675,55077
46043,1077,75048
46045,1542,76806
46047,3221,54886
46049,765,56734
46051,3031,70851
46053,1593,48272
46055,709,53109
46057,2151,76995
46059,1386,72857
46061,1106,86827
46063,518,71484
46065,7396,83750
46067,2931,69139
46069,541,69712
46071,735,26078
46073,859,66607
46075,381,61250
46077,2003,65964
46079,4552,74884
46081,11392,62977
46083,25697,92317
46085,1204,60284
46087,2218,74873
46089,872,58529
46091,1669,74018
46093,11420,70256
46095,621,41397
46097,910,62037
46099,79887,73110
46101,2521,71469
46102,2684,32279
46103,44829,67823
46105,1237,64410
46107,1034,71786
46109,3659,59022
46111,939,65806
46115,2526,65795
46117,1239,82298
46119,599,66875
46121,2407,33792
46123,2179,56758
46125,3442,72312
46127,6967,82036
46129,2380,57697
46135,9789,68847
46137,683,46023
47001,31275,60633
47003,18469,59955
47005,6736,47737
47007,4851,51783
47009,53456,70935
47011,41340,60692
47013,16255,48258
47015,5769,57651
47017,11038,49700
47019,23940,47994
47021,15708,77014
47023,6106,57471
47025,13479,42406
47027,3035,39572
47029,14547,45110
47031,22689,57424
47033,5409,59136
47035,26931,56002
47037,302663,71863
47039,4363,48466
47041,8360,46907
47043,20329,68492
47045,14640,53150
47047,16416,81074
47049,7607,47884
47051,16789,57933
47053,19948,55455
47055,11387,56877
47057,9384,47098
47059,27777,51975
47061,4965,47948
47063,25209,49656
47065,148888,69069
47067,2829,31809
47069,9009,43566
47071,10903,46902
47073,22785,53647
47075,7200,44890
47077,10737,51576
47079,13133,48025
47081,8850,54669
47083,3026,51544
47085,6715,54185
47087,4569,42357
47089,20813,60393
47091,6873,47571
47093,194842,68580
47095,2013,32064
47097,9127,46702
47099,16484,51038
47101,5073,44613
47103,14304,61374
47105,22487,75008
47107,21230,57982
47109,9683,46920
47111,9164,51215
47113,39180,55280
47115,11699,58139
47117,13019,65325
47119,39591,71500
47121,5198,59434
47123,18976,52123
47125,80474,67890
47127,2558,69250
47129,7093,51971
47131,12542,50638
47133,8820,46580
47135,2954,55978
47137,2205,44317
47139,7101,53775
47141,32733,54371
47143,12744,55568
47145,21956,66460
47147,27154,74440
47149,122510,78291
47151,8614,39744
47153,5925,53038
47155,38193,60103
47157,357839,59621
47159,7674,57677
47161,5017,57257
47163,67575,54357
47165,74739,81883
47167,22366,70674
47169,3552,62018
47171,7654,49855
47173,7552,57094
47175,2434,44730
47177,15932,52948
47179,55591,58507
47181,5744,49360
47183,13129,47769
47185,10716,48220
47187,88238,125943
47189,55037,89462
48001,16899,57445
48003,6603,86458
48005,31583,57055
48007,11412,58168
48009,3367,69954
48011,725,70417
48013,15920,67442
48015,11913,73556
48017,1933,69830
48019,8532,70965
48021,33259,80151
48023,1477,52716
48025,8563,50283
48027,134495,62858
48029,730119,67275
48031,4836,79717
48033,215,80625
48035,7277,63868
48037,34486,56628
48039,127264,91972
48041,86289,57562
48043,4958,47747
48045,581,35446
48047,2652,30566
48049,14977,53792
48051,7586,71745
48053,18629,71482
48055,15087,66779
48057,8045,62267
48059,5270,63906
48061,132538,47435
48063,4443,53968
48065,2260,83199
48067,11530,54303
48069,2384,59886
48071,15744,106103
48073,18069,56971
48075,1892,56063
48077,4204,75227
48079,959,41597
48081,1487,40230
48083,3210,51034
48085,383675,113255
48087,1018,52045
48089,7376,63352
48091,63957,93744
48093,5340,57383
48095,816,55750
48097,16196,66374
48099,25156,63281
48101,692,47625
48103,1670,71364
48105,1289,64103
48107,1994,50268
48109,629,35924
48111,2333,71969
48113,959184,70732
48115,4133,45268
48117,6022,51942
48119,2106,68491
48121,334504,104180
48123,6586,61100
48125,638,46638
48127,2808,27374
48129,1198,51711
48131,2892,50697
48133,7083,52902
48135,60676,70566
48137,526,40809
48139,65686,93248
48141,292580,55417
48143,16007,59654
48145,5499,45172
48147,12699,65835
48149,9310,72881
48151,1514,60461
48153,1938,49321
48155,462,41944
48157,270136,109987
48159,3782,67915
48161,6701,55902
48163,4709,56042
48165,6909,73299
48167,135275,83913
48169,1677,56215
48171,11035,70162
48173,415,112188
48175,2720,58125
48177,7412,64255
48179,8021,54563
48181,52084,66608
48183,47008,63811
48185,9769,63484
48187,60463,88111
48189,10997,50721
48191,1145,43873
48193,3131,54890
48195,1763,62350
48197,1304,60455
48199,20845,70164
48201,1692896,70789
48203,24993,63427
48205,1626,78065
48207,2090,52786
48209,89328,79990
48211,1345,67798
48213,31973,59778
48215,257499,49371
48217,13390,60669
48219,7922,53283
48221,24734,80013
48223,13781,63766
48225,7464,51043
48227,12010,67243
48229,890,35163
48231,36560,66885
48233,6711,62211
48235,647,54708
48237,2997,58861
48239,5235,67176
48241,13142,48818
48243,1095,38125
48245,93193,57294
48247,1342,42292
48249,12914,46626
48251,62297,77058
48253,5917,59361
48255,4359,57798
48257,47899,84075
48259,16763,104196
48261,38,45455
48263,246,68553
48265,22024,66713
48267,1715,62386
48269,80,59375
48271,1105,52386
48273,11915,52487
48275,1248,48750
48277,20122,58246
48279,4632,54519
48281,7934,73269
48283,1688,62798
48285,8206,58530
48287,6313,66448
48289,6397,57363
48291,28921,59605
48293,8195,53102
48295,1135,71625
48297,4153,55949
48299,9612,64241
48301,40,-
48303,121685,61911
48305,2053,52996
48307,3186,53214
48309,94985,59781
48311,202,60313
48313,4081,65768
48315,4014,48040
48317,1912,70217
48319,1519,77583
48321,14073,56412
48323,17901,48497
48325,17296,73060
48327,905,40945
48329,65265,90123
48331,9767,56985
48333,1833,59315
48335,2411,49869
48337,7907,63336
48339,224474,95946
48341,6989,59041
48343,4879,51532
48345,460,66528
48347,24893,51153
48349,18058,56261
48351,4787,38871
48353,5670,47437
48355,130122,64027
48357,3684,62240
48359,631,71103
48361,31274,71910
48363,10640,65242
48365,8062,58205
48367,52622,95721
48369,3203,65575
48371,5070,59325
48373,18084,57315
48375,42824,47974
48377,2275,29012
48379,4710,60291
48381,54984,78038
48383,1090,70319
48385,992,46842
48387,4662,44583
48389,4117,57487
48391,2235,54304
48393,320,62667
48395,6309,59410
48397,37881,121303
48399,3780,55424
48401,17792,61661
48403,4471,47061
48405,3051,45888
48407,10064,54839
48409,23920,63842
48411,2014,54087
48413,899,53774
48415,5693,58932
48417,1324,60924
48419,8988,49231
48421,803,66169
48423,81286,69053
48425,3345,87899
48427,18634,35979
48429,3405,44712
48431,392,63558
48433,450,66591
48435,1068,56778
48437,2401,40290
48439,754969,78872
48441,53888,61806
48443,436,52813
48445,4170,42694
48447,635,55221
48449,10802,57634
48451,45449,67215
48453,538109,92731
48455,5946,51165
48457,6811,50898
48459,14969,60456
48461,1363,55284
48463,8420,55000
48465,16643,57250
48467,22326,62334
48469,34265,66308
48471,24592,47193
48473,17780,71643
48475,4264,70771
48477,14482,70043
48479,77797,59984
48481,15148,59712
48483,1908,58158
48485,48604,58862
48487,4626,50769
48489,5414,42839
48491,229906,102851
48493,17345,89708
48495,2685,89155
48497,24079,85385
48499,17824,61748
48501,2654,80317
48503,7565,65565
48505,4580,35061
48507,3427,49243
49001,2290,80268
49003,18557,72769
49005,41718,72719
49007,7998,53734
49009,235,61250
49011,112155,101285
49013,6461,70821
49015,3447,67056
49017,1952,56481
49019,4335,59171
49021,18596,63005
49023,3594,88048
49025,3225,70327
49027,4177,69403
49029,3506,120854
49031,569,33359
49033,765,69250
49035,407673,90011
49037,4457,52108
49039,8617,64356
49041,7396,66972
49043,13655,126392
49045,22124,95545
49047,11547,67983
49049,187171,91263
49051,11407,104855
49053,64151,71976
49055,1051,64870
49057,89990,82291
50001,14416,85870
50003,14566,68558
50005,12819,62964
50007,69318,89494
50009,2667,55247
50011,19233,73633
50013,3027,86639
50015,11176,69886
50017,12690,74534
50019,11528,63981
50021,25334,62641
50023,25166,77278
50025,19382,65473
50027,24536,69492
51001,14252,52694
51003,44031,97708
51005,6309,52546
51007,5258,63438
51009,12615,64454
51011,6535,60041
51013,110887,137387
51015,30056,76124
51017,1905,55699
51019,32510,74773
51021,2235,59901
51023,12916,77680
51025,6165,52678
51027,7494,39591
51029,5898,59894
51031,22409,59022
51033,11387,83562
51035,12141,49113
51036,2905,65573
51037,4540,51548
51041,134144,95757
51043,5617,107475
51045,1810,66286
51047,18188,92359
51049,4055,56497
51051,5543,40143
51053,10432,77225
51057,4258,52335
51059,410844,145165
51061,26011,122785
51063,6655,57146
51065,10195,90766
51067,22022,66275
51069,33534,92443
51071,6852,61987
51073,14857,83750
51075,9788,105600
51077,6148,43348
51079,7662,81338
51081,3222,51823
51083,13519,49145
51085,41383,104678
51087,134094,82424
51089,20411,43694
51091,1014,57070
51093,15196,91680
51095,30690,100711
51097,2826,70147
51099,9737,103264
51101,6893,79398
51103,5238,62674
51105,8324,41619
51107,138549,170463
51109,14642,76594
51111,4566,54438
51113,5324,74586
51115,3742,79054
51117,13037,51265
51119,4714,69389
51121,36062,65270
51125,6132,64028
51127,8675,113120
51131,5344,54693
51133,5174,64655
51135,5415,62366
51137,14309,87309
51139,9351,56760
51141,7779,49180
51143,24487,52619
51145,11077,108089
51147,7416,57304
51149,12808,80318
51153,152616,123193
51155,14455,59740
51157,2823,98663
51159,2834,62708
51161,39156,80872
51163,9368,61903
51165,31612,73232
51167,10438,44088
51169,8838,44535
51171,17542,62149
51173,12651,45061
51175,6841,67813
51177,49449,105068
51179,50313,128036
51181,2745,68655
51183,3698,59195
51185,15800,46508
51187,15235,79313
51191,22013,59116
51193,7832,56647
51195,14052,47541
51197,12424,53921
51199,25878,105154
51510,74818,113179
51520,7299,45250
51530,2655,48783
51540,19511,67177
51550,91368,92703
51570,7612,72216
51580,2503,45737
51590,18755,41484
51595,2245,41442
51600,9129,128708
51610,5740,164536
51620,3349,57537
51630,11276,83445
51640,2618,44612
51650,57470,64430
51660,17142,56050
51670,9348,50661
51678,1991,93651
51680,28910,56243
51683,13840,110559
51685,5221,91673
51690,5628,39127
51700,75465,63355
51710,93797,60998
51720,1592,36974
51730,14703,46930
51735,4657,114503
51740,38962,57154
51750,5467,51039
51760,101201,59606
51770,42806,51523
51775,10045,68402
51790,11064,59731
51800,36318,87758
51810,178915,87544
51820,9431,52519
51830,4882,66815
51840,11217,62495
53001,6304,63105
53003,9499,63724
53005,75509,83778
53007,30414,71876
53009,34128,66108
53011,188863,90115
53013,1804,68825
53015,43167,70912
53017,15474,79422
53019,3025,50424
53021,28350,77877
53023,1009,57958
53025,33666,66387
53027,29542,59105
53029,35498,82850
53031,15859,64796
53033,916270,116340
53035,106031,93675
53037,19250,66800
53039,9618,66581
53041,31511,67247
53043,4532,68172
53045,25488,74388
53047,17005,58218
53049,10689,58889
53051,5737,59353
53053,341783,91486
53055,8654,76745
53057,50824,82029
53059,4812,84500
53061,307643,104083
53063,213524,70394
53065,18471,62381
53067,115695,88895
53069,1954,59167
53071,22978,66635
53073,91171,77581
53075,17963,49345
53077,85558,64910
54001,5789,44341
54003,48528,73619
54005,7992,56182
54007,4567,42245
54009,9593,51963
54011,38854,48944
54013,2416,39031
54015,2865,41530
54017,2345,56587
54019,15938,50090
54021,2132,51552
54023,4160,52877
54025,14724,45519
54027,8066,55222
54029,12985,57515
54031,5740,49205
54033,25888,56184
54035,11148,55173
54037,21472,93744
54039,77252,55226
54041,6839,50552
54043,7776,50985
54045,12375,42194
54047,6547,28235
54049,23083,59974
54051,12055,58129
54053,10120,53058
54055,24471,46409
54057,10532,64728
54059,9093,38305
54061,44206,60893
54063,4596,52392
54065,7053,61021
54067,9644,48826
54069,17487,55521
54071,2361,52458
54073,2737,59666
54075,2951,41680
54077,12623,60136
54079,22402,75725
54081,29395,47975
54083,10362,51186
54085,3257,48973
54087,5461,41299
54089,4890,42991
54091,6702,52946
54093,2836,54053
54095,2948,59167
54097,9537,49663
54099,14959,52694
54101,3010,43409
54103,5861,50715
54105,2149,52776
54107,35544,54350
54109,7724,44510
55001,9176,55223
55003,6846,57000
55005,19197,59379
55007,7557,67266
55009,109096,74066
55011,5616,64238
55013,6989,60466
55015,20712,84151
55017,26326,69815
55019,12649,63187
55021,24068,79271
55023,6544,60823
55025,240799,84297
55027,35615,71747
55029,13841,68257
55031,18916,64682
55033,17257,69721
55035,42481,70127
55037,2082,58049
55039,42368,70368
55041,3723,55552
55043,19863,63497
55045,15594,76080
55047,8025,66395
55049,9795,79226
55051,2941,55777
55053,7990,64630
55055,34102,77018
55057,10598,63455
55059,66705,76583
55061,8247,77610
55063,50179,68731
55065,6652,69293
55067,8443,55091
55069,12226,64314
55071,34860,66412
55073,56484,73248
55075,18569,60347
55077,6830,59748
55078,1307,62194
55079,389247,59319
55081,17992,66451
55083,16338,73611
55085,16417,66111
55087,76646,78705
55089,37478,92258
55091,3078,70833
55093,15857,82996
55095,18534,74142
55097,29311,71301
55099,6630,55822
55101,79100,72658
55103,7196,61985
55105,66439,70630
55107,6190,57473
55109,36004,97950
55111,27313,72930
55113,8210,57519
55115,16653,65493
55117,49035,68969
55119,7754,61360
55121,12370,68474
55123,11991,65177
55125,10651,63726
55127,42179,75172
55129,7252,58504
55131,56279,91915
55133,165733,101639
55135,22355,69198
55137,10158,61033
55139,71943,70041
55141,31887,63273
56001,16290,55887
56003,4262,61262
56005,17509,93315
56007,5847,65196
56009,5656,79235
56011,2755,68876
56013,14617,60030
56015,5069,62356
56017,2105,64031
56019,3971,60667
56021,41407,76282
56023,7629,83033
56025,32895,69104
56027,1072,54375
56029,13050,66754
56031,3861,64753
56033,13066,68898
56035,3477,85960
56037,16335,79375
56039,9645,108279
56041,7586,78164
56043,3414,61875
56045,2638,71800
72001,5608,17659
72003,12904,20301
72005,21650,18348
72007,8861,23160
72009,8995,22511
72011,8757,22673
72013,31415,21799
72015,6246,18496
72017,8254,20282
72019,9098,21262
72021,69043,29403
72023,17568,23077
72025,49645,29279
72027,11585,23263
72029,14712,26021
72031,61883,32888
72033,8794,22407
72035,16151,26704
72037,4238,22945
72039,5446,19618
72041,14207,25580
72043,12835,20569
72045,5420,16153
72047,10804,21670
72049,447,25483
72051,11950,31485
72053,12579,24309
72054,4469,21560
72055,5471,14525
72057,14427,19165
72059,6327,21312
72061,33464,43304
72063,14850,39533
72065,13503,24407
72067,6139,22542
72069,18206,25940
72071,14843,19965
72073,4945,18363
72075,15574,23035
72077,13145,25931
72079,8210,17131
72081,10165,18844
72083,2722,16506
72085,12219,23193
72087,8608,21306
72089,6800,22585
72091,14645,20385
72093,1902,20133
72095,3942,21951
72097,29343,16788
72099,13254,20331
72101,9810,22282
72103,8171,20486
72105,8536,20616
72107,6792,16869
72109,6196,20778
72111,6939,20072
72113,52977,18994
72115,8449,20209
72117,5679,26771
72119,15981,25963
72121,7102,20464
72123,9721,20123
72125,11560,17862
72127,147044,26111
72129,13775,19629
72131,13978,17557
72133,7230,22680
72135,22568,32456
72137,28155,28719
72139,25261,35821
72141,10326,17164
72143,12599,24778
72145,20098,23701
72147,2608,17062
72149,7761,22461
72151,11682,19972
72153,12392,19827