GEOID,Vehicles
01001,40857
01003,162298
01005,15092
01007,13742
01009,43545
01011,5274
01013,12318
01015,81697
01017,24689
01019,19162
01021,32688
01023,9923
01025,14835
01027,10744
01029,10822
01031,38934
01033,42660
01035,6939
01037,7770
01039,25756
01041,8260
01043,65659
01045,35500
01047,23126
01049,49939
01051,62492
01053,21438
01055,71707
01057,11381
01059,20886
01061,19305
01063,4095
01065,8736
01067,12057
01069,71711
01071,38805
01073,458608
01075,9938
01077,70866
01079,24976
01081,117310
01083,76674
01085,6233
01087,11977
01089,287644
01091,11595
01093,21488
01095,68410
01097,277480
01099,12649
01101,149064
01103,90715
01105,4387
01107,13185
01109,19785
01111,16859
01113,39508
01115,67634
01117,163523
01119,8391
01121,58115
01123,30664
01125,145569
01127,47234
01129,10849
01131,6016
01133,18330
02013,1149
02016,1427
02020,189696
02050,2721
02060,526
02063,4320
02066,1917
02068,1058
02070,1399
02090,65279
02100,1397
02105,960
02110,21547
02122,41874
02130,9031
02150,7546
02158,232
02164,270
02170,77929
02180,1789
02185,1925
02188,799
02195,1892
02198,3769
02220,5279
02230,677
02240,3868
02275,1337
02282,356
02290,1465
04001,31007
04003,90696
04005,94115
04007,39557
04009,23501
04011,6999
04012,14766
04013,2879933
04015,168019
04017,63226
04019,699323
04021,266255
04023,31524
04025,191447
04027,128580
05001,11315
05003,12363
05005,33405
05007,194559
05009,28192
05011,6170
05013,3016
05015,21897
05017,5821
05019,14619
05021,10621
05023,20321
05025,5370
05027,14431
05029,15112
05031,73136
05033,42425
05035,29320
05037,10757
05039,3692
05041,7393
05043,12445
05045,87077
05047,12219
05049,8908
05051,72690
05053,13248
05055,31848
05057,13876
05059,22178
05061,9828
05063,26675
05065,8761
05067,10406
05069,40669
05071,18125
05073,4305
05075,11411
05077,3985
05079,6268
05081,9351
05083,15295
05085,52214
05087,12143
05089,12849
05091,27692
05093,25647
05095,4223
05097,6970
05099,5492
05101,5524
05103,14651
05105,7260
05107,9345
05109,7986
05111,14946
05113,14620
05115,42514
05117,6229
05119,271410
05121,13265
05123,12915
05125,90368
05127,7312
05129,5671
05131,89338
05133,10603
05135,12532
05137,8592
05139,26206
05141,12425
05143,165355
05145,52427
05147,4349
05149,14163
06001,1000194
06003,872
06005,30469
06007,157436
06009,36116
06011,14274
06013,778472
06015,16703
06017,151821
06019,562687
06021,19179
06023,94179
06025,82813
06027,14203
06029,501330
06031,81052
06033,49841
06035,17294
06037,5771313
06039,88412
06041,187817
06043,14535
06045,61368
06047,155102
06049,6441
06051,10099
06053,252969
06055,93848
06057,79424
06059,2030558
06061,293229
06063,15999
06065,1468801
06067,1005109
06069,42464
06071,1291888
06073,2105675
06075,377246
06077,461965
06079,207469
06081,492829
06083,273174
06085,1213663
06087,186753
06089,132055
06091,2321
06093,34693
06095,304390
06097,360562
06099,337777
06101,63700
06103,45707
06105,9690
06107,266750
06109,44734
06111,542487
06113,136431
06115,50642
08001,346390
08003,11100
08005,452258
08007,11531
08009,3088
08011,3069
08013,237794
08014,55612
08015,16584
08017,1470
08019,9202
08021,6059
08023,2779
08025,2346
08027,4238
08029,24341
08031,481770
08033,2439
08035,261679
08037,38487
08039,22577
08041,513616
08043,33899
08045,44375
08047,5590
08049,11650
08051,13573
08053,841
08055,5027
08057,1282
08059,455036
08061,1217
08063,5781
08065,5523
08067,43686
08069,281898
08071,11285
08073,3461
08075,14794
08077,114726
08079,790
08081,9819
08083,20729
08085,33152
08087,20366
08089,13980
08091,4441
08093,15665
08095,3152
08097,13213
08099,8151
08101,119393
08103,4933
08105,9027
08107,19260
08109,5460
08111,582
08113,5988
08115,1950
08117,21655
08119,21921
08121,4080
08123,229789
08125,7847
09001,615570
09003,587820
09005,137811
09007,124950
09009,543731
09011,195015
09013,108096
09015,82369
10001,118473
10003,369201
10005,178118
11001,270340
12001,167043
12003,16675
12005,128682
12007,16047
12009,415987
12011,1186578
12013,8251
12015,137179
12017,112427
12019,148531
12021,252630
12023,44804
12027,19409
12029,11229
12031,623483
12033,205981
12035,79381
12037,7448
12039,26490
12041,11971
12043,7560
12045,9926
12047,7281
12049,14132
12051,22450
12053,132247
12055,68210
12057,910624
12059,12226
12061,104019
12063,29494
12065,9768
12067,4217
12069,256086
12071,486332
12073,195448
12075,30869
12077,4085
12079,10801
12081,258721
12083,249766
12085,109305
12086,1496608
12087,53586
12089,66857
12091,147286
12093,26100
12095,817219
12097,197811
12099,942373
12101,362244
12103,637940
12105,426990
12107,48840
12109,177041
12111,207634
12113,130955
12115,313346
12117,324591
12119,86240
12121,26533
12123,12795
12125,7460
12127,380700
12129,22402
12131,55969
12133,16242
13001,11591
13003,5200
13005,7164
13007,2230
13009,28891
13011,13556
13013,55644
13015,73970
13017,10292
13019,11748
13021,92336
13023,7884
13025,11681
13027,11064
13029,30071
13031,52421
13033,15573
13035,17284
13037,2630
13039,36008
13043,6932
13045,83488
13047,48797
13049,7406
13051,193388
13053,4492
13055,16995
13057,189514
13059,87871
13061,2042
13063,173121
13065,4463
13067,532716
13069,26449
13071,28074
13073,93094
13075,11126
13077,106322
13079,8440
13081,12622
13083,11940
13085,20098
13087,17762
13089,456429
13091,11843
13093,6351
13095,51651
13097,95507
13099,6922
13101,2747
13103,44671
13105,13421
13107,13994
13109,6512
13111,21259
13113,86180
13115,64235
13117,168822
13119,16808
13121,672672
13123,24180
13125,2006
13127,58113
13129,37221
13131,17187
13133,13311
13135,597443
13137,29563
13139,129001
13141,4683
13143,22554
13145,26033
13147,19544
13149,8140
13151,157196
13153,111922
13155,6526
13157,51628
13159,11020
13161,9073
13163,9861
13165,6118
13167,5898
13169,21760
13171,13246
13173,6418
13175,29315
13177,23259
13179,38548
13181,5314
13183,9722
13185,71934
13187,22979
13189,15523
13191,8797
13193,6203
13195,21320
13197,5395
13199,14313
13201,4328
13205,12853
13207,20996
13209,5228
13211,14952
13213,28736
13215,124575
13217,77303
13219,30726
13221,10824
13223,112500
13225,18001
13227,25832
13229,13591
13231,13529
13233,28901
13235,5217
13237,17790
13239,1401
13241,12332
13243,3390
13245,115061
13247,60274
13249,3048
13251,8945
13253,6165
13255,46021
13257,19729
13259,2690
13261,18030
13263,4478
13265,1099
13267,13630
13269,5081
13271,4914
13273,5691
13275,31675
13277,25090
13279,16603
13281,10096
13283,3788
13285,43432
13287,5707
13289,5167
13291,18736
13293,17962
13295,48883
13297,68850
13299,20081
13301,3181
13303,12444
13305,18861
13307,1717
13309,2326
13311,20236
13313,65021
13315,4096
13317,7037
13319,5589
13321,14789
15001,132324
15003,558217
15005,32
15007,44712
15009,101170
16001,352444
16003,3577
16005,62163
16007,4917
16009,7160
16011,33168
16013,16988
16015,6915
16017,38003
16019,83603
16021,9690
16023,1943
16025,726
16027,156660
16029,5540
16031,17254
16033,562
16035,7058
16037,3944
16039,20275
16041,10657
16043,9463
16045,14513
16047,10899
16049,13523
16051,21667
16053,17026
16055,129158
16057,29442
16059,7093
16061,3037
16063,3907
16065,22441
16067,15260
16069,32670
16071,4092
16073,8951
16075,19146
16077,5866
16079,10298
16081,8579
16083,63965
16085,7515
16087,7989
17001,48411
17003,2860
17005,10950
17007,37658
17009,3541
17011,24803
17013,2694
17015,11518
17017,8917
17019,125668
17021,24190
17023,12459
17025,9886
17027,28180
17029,33388
17031,2790530
17033,14499
17035,8434
17037,68630
17039,12178
17041,13451
17043,632471
17045,12818
17047,5300
17049,26935
17051,14344
17053,10326
17055,28817
17057,25686
17059,3677
17061,8623
17063,39337
17065,6320
17067,14118
17069,2776
17071,5395
17073,37378
17075,21030
17077,36679
17079,7740
17081,25906
17083,15576
17085,17912
17087,7755
17089,350044
17091,70551
17093,89427
17095,33485
17097,469402
17099,79791
17101,10004
17103,23590
17105,26437
17107,19825
17109,17976
17111,223456
17113,117112
17115,71222
17117,33464
17119,193873
17121,26764
17123,9306
17125,10949
17127,9650
17129,9891
17131,12467
17133,27510
17135,20530
17137,22568
17139,10187
17141,38139
17143,121850
17145,14667
17147,13364
17149,10509
17151,2544
17153,2921
17155,4348
17157,21506
17159,11526
17161,100331
17163,170063
17165,17524
17167,140448
17169,5002
17171,3846
17173,17099
17175,4138
17177,31829
17179,96818
17181,11561
17183,48375
17185,8317
17187,12024
17189,11757
17191,12510
17193,10525
17195,41154
17197,466172
17199,48902
17201,195570
17203,28707
18001,21523
18003,263879
18005,61442
18007,6397
18009,8465
18011,51612
18013,13367
18015,16022
18017,27051
18019,84221
18021,20328
18023,23141
18025,8447
18027,19973
18029,40167
18031,20187
18033,32516
18035,79064
18037,34130
18039,125496
18041,17693
18043,56507
18045,12925
18047,18562
18049,15585
18051,25422
18053,47054
18055,24392
18057,245821
18059,62243
18061,29802
18063,126270
18065,35320
18067,62061
18069,27834
18071,32317
18073,24835
18075,15011
18077,24110
18079,21587
18081,116307
18083,26856
18085,58555
18087,18764
18089,324054
18091,78731
18093,36413
18095,90848
18097,618079
18099,31643
18101,8059
18103,24496
18105,95337
18107,29098
18109,55156
18111,10722
18113,33306
18115,5224
18117,15279
18119,16965
18121,10150
18123,14983
18125,10681
18127,124526
18129,20030
18131,9370
18133,26202
18135,19307
18137,22785
18139,12506
18141,180640
18143,17325
18145,34389
18147,16507
18149,16379
18151,26209
18153,14780
18155,7101
18157,119451
18159,12065
18161,5867
18163,129444
18165,12228
18167,72142
18169,23472
18171,7066
18173,49776
18175,20915
18177,45849
18179,22050
18181,18464
18183,26947
19001,6448
19003,3194
19005,11516
19007,9132
19009,4910
19011,21524
19013,94907
19015,21359
19017,19311
19019,15913
19021,14558
19023,12000
19025,7612
19027,15890
19029,10475
19031,15062
19033,34611
19035,9623
19037,10247
19039,6895
19041,13040
19043,13731
19045,35133
19047,11904
19049,72573
19051,5610
19053,5728
19055,14637
19057,29360
19059,14977
19061,70886
19063,7518
19065,15388
19067,12498
19069,7869
19071,5661
19073,7021
19075,10187
19077,9417
19079,11787
19081,9253
19083,12998
19085,12219
19087,14611
19089,7592
19091,7974
19093,5854
19095,13906
19097,16176
19099,28102
19101,11373
19103,104268
19105,16064
19107,8371
19109,12170
19111,26645
19113,170259
19115,8422
19117,6911
19119,9378
19121,13633
19123,17365
19125,26000
19127,28431
19129,10847
19131,8872
19133,7379
19135,5918
19137,8419
19139,31379
19141,10550
19143,5560
19145,11540
19147,7016
19149,20404
19151,6255
19153,347718
19155,66752
19157,14193
19159,3709
19161,8497
19163,123301
19165,9768
19167,24735
19169,66838
19171,13528
19173,4988
19175,9659
19177,5659
19179,25611
19181,40167
19183,17263
19185,5015
19187,28166
19189,8215
19191,15917
19193,72400
19195,6537
19197,9749
20001,9163
20003,6107
20005,10912
20007,3511
20009,17924
20011,11214
20013,6942
20015,51257
20017,2172
20019,2536
20021,13961
20023,2472
20025,1700
20027,6678
20029,7330
20031,7302
20033,1606
20035,24295
20037,26720
20039,2548
20041,15583
20043,5486
20045,87081
20047,2356
20049,1905
20051,22438
20053,4577
20055,24996
20057,22432
20059,20899
20061,24211
20063,2560
20065,2332
20067,4784
20069,4427
20071,1121
20073,5024
20075,1524
20077,4333
20079,25781
20081,2774
20083,1615
20085,10909
20087,15964
20089,2594
20091,448286
20093,2617
20095,6317
20097,1906
20099,15286
20101,1340
20103,55443
20105,2576
20107,8370
20109,2305
20111,24985
20113,23662
20115,9497
20117,8430
20119,3292
20121,27459
20123,4846
20125,22783
20127,4622
20129,1877
20131,8244
20133,11678
20135,2490
20137,3527
20139,13095
20141,3050
20143,4791
20145,4421
20147,4305
20149,18414
20151,7151
20153,2467
20155,46685
20157,3865
20159,7251
20161,45700
20163,4205
20165,2554
20167,5506
20169,39257
20171,3910
20173,360861
20175,13121
20177,127512
20179,2079
20181,4581
20183,3196
20185,3230
20187,1631
20189,3532
20191,17936
20193,6277
20195,2962
20197,5501
20199,1473
20201,4524
20203,1846
20205,6854
20207,2410
20209,105896
21001,13267
21003,14912
21005,18119
21007,5819
21009,32738
21011,8994
21013,15629
21015,95367
21017,15269
21019,31745
21021,20442
21023,6568
21025,8499
21027,14972
21029,61176
21031,8683
21033,9761
21035,26125
21037,65790
21039,3514
21041,7504
21043,18035
21045,10972
21047,43247
21049,26997
21051,11680
21053,6913
21055,6544
21057,4412
21059,72983
21061,9409
21063,4004
21065,9562
21067,221172
21069,10722
21071,24006
21073,38147
21075,3495
21077,5662
21079,13367
21081,17449
21083,26891
21085,17784
21087,8215
21089,27424
21091,7118
21093,77234
21095,17213
21097,13563
21099,12505
21101,32191
21103,11848
21105,3023
21107,33652
21109,9060
21111,520837
21113,35254
21115,14604
21117,116369
21119,8827
21121,17046
21123,12046
21125,42735
21127,10057
21129,4451
21131,6875
21133,14646
21135,8673
21137,17949
21139,7129
21141,20802
21143,6219
21145,46597
21147,10293
21149,7333
21151,64753
21153,7505
21155,14011
21157,25162
21159,6398
21161,11562
21163,20427
21165,4008
21167,16071
21169,8104
21171,8149
21173,19442
21175,8363
21177,22633
21179,36449
21181,4975
21183,17782
21185,47498
21187,8417
21189,2543
21191,10437
21193,19427
21195,40665
21197,8423
21199,44896
21201,1673
21203,11670
21205,15612
21207,12666
21209,41327
21211,33966
21213,13992
21215,15358
21217,17950
21219,8380
21221,10806
21223,6068
21225,9215
21227,91095
21229,8947
21231,13962
21233,9190
21235,22754
21237,3428
21239,19578
22001,35554
22003,13078
22005,85445
22007,13856
22009,23734
22011,24432
22013,8441
22015,85287
22017,143624
22019,132342
22021,5860
22023,4297
22025,5250
22027,8120
22029,9296
22031,17619
22033,277027
22035,3189
22037,11335
22039,19017
22041,11806
22043,12611
22045,44803
22047,17994
22049,9178
22051,280321
22053,20189
22055,158411
22057,63450
22059,8658
22061,30424
22063,89054
22065,4504
22067,14442
22069,22810
22071,196194
22073,93621
22075,14459
22077,14155
22079,77710
22081,5052
22083,11245
22085,14395
22087,25080
22089,35131
22091,6657
22093,13082
22095,27796
22097,50135
22099,33187
22101,28807
22103,182368
22105,84049
22107,2093
22109,69929
22111,13082
22113,37252
22115,29944
22117,28216
22119,24864
22121,17694
22123,6157
22125,7060
22127,8055
23001,76779
23003,48396
23005,214441
23007,20209
23009,41976
23011,90238
23013,30687
23015,27222
23017,41831
23019,107537
23021,12499
23023,28483
23025,37549
23027,30785
23029,21936
23031,160092
24001,46278
24003,416904
24005,549355
24009,70641
24011,23442
24013,130798
24015,74935
24017,115389
24019,22988
24021,193574
24023,22192
24025,189596
24027,223181
24029,14618
24031,653166
24033,565383
24035,39286
24037,80581
24039,13842
24041,28791
24043,106860
24045,69681
24047,40924
24510,272009
25001,173298
25003,87272
25005,378882
25007,12639
25009,504171
25011,51649
25013,281446
25015,102359
25017,993285
25019,7477
25021,453911
25023,355940
25025,315025
25027,553612
26001,8459
26003,5231
26005,85752
26007,20961
26009,18762
26011,11090
26013,5333
26015,47283
26017,76674
26019,12911
26021,105937
26023,29018
26025,88792
26027,38908
26029,21265
26031,19158
26033,22756
26035,19514
26037,60159
26039,9965
26041,27134
26043,19656
26045,81081
26047,25481
26049,275609
26051,18707
26053,11072
26055,68095
26057,26649
26059,31445
26061,22959
26063,23692
26065,181376
26067,42683
26069,18675
26071,8443
26073,42680
26075,107919
26077,180109
26079,12787
26081,436770
26083,1871
26085,7028
26087,67464
26089,17306
26091,71186
26093,147912
26095,3677
26097,8101
26099,609972
26101,17384
26103,46909
26105,21408
26107,27816
26109,16998
26111,60924
26113,10572
26115,115143
26117,43027
26119,7654
26121,115191
26123,35494
26125,917382
26127,18706
26129,15752
26131,4798
26133,15508
26135,5575
26137,18324
26139,205708
26141,10683
26143,17873
26145,132122
26147,120449
26149,41539
26151,30808
26153,6291
26155,50634
26157,39721
26159,53333
26161,245249
26163,1035375
26165,22844
27001,12381
27003,255552
27005,27391
27007,32062
27009,30110
27011,4352
27013,48797
27015,20218
27017,26640
27019,75772
27021,23652
27023,9652
27025,43890
27027,45289
27029,6345
27031,4753
27033,8827
27035,50634
27037,308014
27039,16196
27041,32252
27043,11373
27045,16738
27047,23865
27049,36789
27051,5114
27053,848186
27055,15897
27057,17364
27059,31330
27061,34269
27063,8733
27065,13278
27067,32108
27069,3323
27071,10301
27073,5728
27075,9676
27077,2816
27079,23555
27081,4943
27083,17598
27085,27452
27087,3309
27089,7467
27091,16441
27093,17862
27095,20027
27097,27130
27099,28656
27101,6987
27103,23470
27105,14503
27107,5271
27109,113857
27111,48810
27113,11025
27115,21697
27117,7234
27119,22902
27121,9807
27123,342367
27125,3359
27127,11680
27129,11396
27131,43867
27133,7919
27135,11191
27137,150410
27139,107290
27141,71434
27143,12099
27145,112299
27147,28220
27149,6943
27151,7738
27153,19287
27155,2645
27157,17935
27159,10560
27161,14941
27163,191621
27165,8194
27167,5087
27169,35815
27171,102853
27173,7916
28001,18267
28003,25311
28005,9533
28007,11021
28009,5639
28011,18569
28013,10308
28015,6968
28017,12037
28019,6571
28021,4466
28023,10954
28025,13275
28027,12819
28029,17447
28031,11678
28033,133732
28035,48623
28037,5398
28039,16121
28041,7263
28043,15392
28045,33862
28047,137702
28049,152174
28051,8084
28053,4420
28055,617
28057,16859
28059,100653
28061,10133
28063,3969
28065,7885
28067,43302
28069,5823
28071,34178
28073,45613
28075,48465
28077,8113
28079,12984
28081,57508
28083,14510
28085,23191
28087,40303
28089,79339
28091,15986
28093,24689
28095,25385
28097,6948
28099,17929
28101,14199
28103,6794
28105,37710
28107,23049
28109,38834
28111,8483
28113,25046
28115,22894
28117,17450
28119,3825
28121,115169
28123,17713
28125,2162
28127,16862
28129,9284
28131,12394
28133,12727
28135,7118
28137,20530
28139,14332
28141,15122
28143,5898
28145,19702
28147,10049
28149,30670
28151,26011
28153,13869
28155,7742
28157,5118
28159,12179
28161,9224
28163,14901
29001,15662
29003,13667
29005,4427
29007,16523
29009,26953
29011,8796
29013,11789
29015,14498
29017,7452
29019,128273
29021,56133
29023,27013
29025,6486
29027,32043
29029,30422
29031,55715
29033,6300
29035,3517
29037,83126
29039,9737
29041,5119
29043,64604
29045,4489
29047,180993
29049,16085
29051,53629
29053,11463
29055,17082
29057,5926
29059,12753
29061,5824
29063,7402
29065,11128
29067,8698
29069,18691
29071,81202
29073,11934
29075,4262
29077,217139
29079,6444
29081,6003
29083,16843
29085,6088
29087,3417
29089,6375
29091,28511
29093,6899
29095,486626
29097,81988
29099,170139
29101,40149
29103,2330
29105,26461
29107,23994
29109,26841
29111,6186
29113,43755
29115,8739
29117,9692
29119,15645
29121,10601
29123,9145
29125,7089
29127,20459
29129,2429
29131,19444
29133,7132
29135,10550
29137,6537
29139,9164
29141,13188
29143,11251
29145,42774
29147,15861
29149,6418
29151,11216
29153,6824
29155,9993
29157,14356
29159,30320
29161,31536
29163,11813
29165,78464
29167,21974
29169,28292
29171,3002
29173,8079
29175,16182
29177,17964
29179,4457
29181,7501
29183,299783
29185,7720
29186,14905
29187,43650
29189,698630
29195,13830
29197,2504
29199,3408
29201,25985
29203,5565
29205,4363
29207,20160
29209,23610
29211,3798
29213,37943
29215,17498
29217,14295
29219,26692
29221,17261
29223,8038
29225,26915
29227,1286
29229,12995
29510,177568
30001,7961
30003,7118
30005,3913
30007,5872
30009,9619
30011,1329
30013,61471
30015,4342
30017,9465
30019,1512
30021,7780
30023,7655
30025,2502
30027,9970
30029,81345
30031,92708
30033,951
30035,6749
30037,748
30039,2941
30041,12284
30043,10364
30045,1963
30047,23938
30049,57278
30051,1290
30053,16643
30055,1950
30057,7370
30059,1907
30061,4106
30063,91279
30065,4608
30067,15834
30069,463
30071,3684
30073,4521
30075,1771
30077,4388
30079,978
30081,38766
30083,8959
30085,5366
30087,5979
30089,10611
30091,2990
30093,27095
30095,7930
30097,3114
30099,5274
30101,3389
30103,717
30105,5844
30107,1849
30109,931
30111,128662
31001,23898
31003,5493
31005,426
31007,542
31009,402
31011,4606
31013,9201
31015,1837
31017,2350
31019,36945
31021,5376
31023,7380
31025,21028
31027,7073
31029,3173
31031,4166
31033,7964
31035,5242
31037,7675
31039,7587
31041,9240
31043,13838
31045,6599
31047,17784
31049,1632
31051,4846
31053,27619
31055,391732
31057,1659
31059,5007
31061,2487
31063,2085
31065,4158
31067,17680
31069,1680
31071,1786
31073,1767
31075,687
31077,2022
31079,43987
31081,7785
31083,2585
31085,716
31087,2242
31089,8489
31091,668
31093,5528
31095,5802
31097,3529
31099,5706
31101,7181
31103,790
31105,2871
31107,6763
31109,229831
31111,27782
31113,770
31115,613
31117,482
31119,25484
31121,6855
31123,3876
31125,2785
31127,5622
31129,3552
31131,12842
31133,2129
31135,2366
31137,7499
31139,6195
31141,25573
31143,4358
31145,8247
31147,6852
31149,1124
31151,10937
31153,135059
31155,18294
31157,27257
31159,13687
31161,4023
31163,2927
31165,1016
31167,4759
31169,4115
31171,666
31173,3660
31175,3522
31177,16757
31179,7652
31181,2993
31183,762
31185,11154
32001,19466
32003,1363124
32005,43456
32007,36289
32009,744
32011,1273
32013,13615
32015,5109
32017,3476
32019,46361
32021,3228
32023,41249
32027,3755
32029,2957
32031,344862
32033,7270
32510,42543
33001,47540
33003,38513
33005,54680
33007,22878
33009,59139
33011,299092
33013,110627
33015,243138
33017,91645
33019,29786
34001,167453
34003,585484
34005,317243
34007,318670
34009,70481
34011,87933
34013,392534
34015,204016
34017,270995
34019,99297
34021,222569
34023,509737
34025,443366
34027,348660
34029,412103
34031,267662
34033,43857
34035,231094
34037,109466
34039,323910
34041,80378
35001,471604
35003,3055
35005,42883
35006,15092
35007,10179
35009,32813
35011,948
35013,146500
35015,42017
35017,19827
35019,2065
35021,413
35023,2882
35025,45948
35027,16597
35028,16201
35029,15992
35031,34063
35033,4014
35035,41722
35037,5599
35039,27072
35041,12477
35043,105201
35045,74477
35047,21308
35049,120636
35051,9214
35053,8890
35055,23956
35057,11160
35059,2260
35061,50869
36001,198391
36003,28364
36005,277166
36007,122950
36009,50070
36011,50028
36013,81457
36015,54905
36017,33994
36019,53776
36021,43755
36023,31083
36025,30476
36027,195711
36029,606088
36031,25834
36033,29391
36035,35584
36037,41831
36039,30284
36041,2623
36043,39493
36045,72987
36047,557085
36049,19637
36051,43517
36053,43448
36055,484327
36057,29347
36059,829009
36061,199384
36063,146077
36065,143922
36067,291668
36069,79737
36071,230854
36073,27934
36075,81770
36077,37509
36079,68009
36081,744179
36083,107434
36085,247723
36087,174437
36089,66578
36091,174899
36093,92919
36095,21811
36097,13351
36099,22662
36101,64385
36103,971234
36105,47287
36107,36559
36109,64811
36111,122607
36113,48745
36115,41214
36117,66043
36119,553770
36121,27293
36123,14170
37001,125090
37003,29549
37005,9308
37007,16003
37009,22441
37011,12116
37013,34449
37015,13300
37017,21045
37019,108630
37021,181380
37023,66691
37025,143197
37027,61064
37029,7876
37031,55882
37033,17404
37035,120793
37037,58573
37039,22298
37041,10384
37043,9090
37045,67204
37047,36073
37049,73133
37051,210880
37053,23502
37055,30724
37057,131974
37059,33375
37061,38378
37063,217397
37065,33438
37067,262257
37069,51225
37071,163333
37073,8431
37075,5846
37077,43113
37079,12669
37081,366537
37083,34071
37085,90867
37087,49527
37089,91305
37091,14521
37093,33655
37095,3578
37097,138836
37099,30761
37101,151918
37103,6929
37105,46845
37107,38348
37109,69327
37111,34858
37113,31099
37115,16086
37117,16357
37119,728909
37121,12016
37123,17699
37125,75391
37127,69169
37129,167612
37131,13436
37133,127278
37135,101676
37137,9416
37139,28379
37141,44467
37143,11031
37145,32408
37147,122854
37149,16163
37151,109668
37153,27655
37155,74726
37157,71877
37159,106282
37161,48683
37163,42095
37165,19970
37167,47776
37169,38252
37171,55295
37173,9791
37175,26212
37177,2649
37179,164802
37181,28415
37183,772230
37185,13687
37187,7606
37189,38440
37191,85499
37193,53113
37195,55228
37197,30452
37199,15335
38001,2060
38003,9611
38005,3614
38007,739
38009,5391
38011,2658
38013,2075
38015,72626
38017,137194
38019,3137
38021,4030
38023,1984
38025,3205
38027,2017
38029,3079
38031,2976
38033,1529
38035,52790
38037,2362
38039,1865
38041,2204
38043,2289
38045,3701
38047,1686
38049,5169
38051,2403
38053,10451
38055,8971
38057,7822
38059,28733
38061,6914
38063,2616
38065,1644
38067,5936
38069,3514
38071,9057
38073,4628
38075,1769
38077,12318
38079,7254
38081,3635
38083,1362
38085,1785
38087,807
38089,24400
38091,1773
38093,16801
38095,1836
38097,6530
38099,8769
38101,52470
38103,3746
38105,28891
39001,19243
39003,72297
39005,39099
39007,66295
39009,39707
39011,36743
39013,45536
39015,33958
39017,267036
39019,21394
39021,30358
39023,97900
39025,155865
39027,31870
39029,74723
39031,26350
39033,32272
39035,814651
39037,40474
39039,28934
39041,152612
39043,55844
39045,113907
39047,20409
39049,878843
39051,33778
39053,20420
39055,68153
39057,123550
39059,29984
39061,554284
39063,56655
39065,21624
39067,10498
39069,21746
39071,30810
39073,22644
39075,18680
39077,43343
39079,23730
39081,46309
39083,43968
39085,173829
39087,40933
39089,127144
39091,36079
39093,216318
39095,289061
39097,29332
39099,162515
39101,43548
39103,139892
39105,16362
39107,31777
39109,83569
39111,10671
39113,373700
39115,10659
39117,27366
39119,62064
39121,8348
39123,34222
39125,14671
39127,25412
39129,40561
39131,19653
39133,113482
39135,33294
39137,27789
39139,84826
39141,54800
39143,43239
39145,50376
39147,40576
39149,36043
39151,273017
39153,381642
39155,143019
39157,68561
39159,44782
39161,23059
39163,10520
39165,173962
39167,44996
39169,78450
39171,27785
39173,95261
39175,17264
40001,12000
40003,3687
40005,9152
40007,3697
40009,13573
40011,6800
40013,33056
40015,16512
40017,107915
40019,33437
40021,32048
40023,9905
40025,1702
40027,207680
40029,3840
40031,74076
40033,3899
40035,9515
40037,51220
40039,20401
40041,30648
40043,3101
40045,3035
40047,43685
40049,18795
40051,39765
40053,2933
40055,3837
40057,1802
40059,2538
40061,8802
40063,5540
40065,17599
40067,3720
40069,7109
40071,29573
40073,11185
40075,6035
40077,7408
40079,32484
40081,24943
40083,35350
40085,6992
40087,30972
40089,20237
40091,13174
40093,6804
40095,10698
40097,29143
40099,9322
40101,43872
40103,8706
40105,7218
40107,7081
40109,538323
40111,25645
40113,32990
40115,20900
40117,11657
40119,54951
40121,31113
40123,26297
40125,48430
40127,7726
40129,2973
40131,70468
40133,14393
40135,27441
40137,30574
40139,13031
40141,4710
40143,449857
40145,59120
40147,37003
40149,7725
40151,6498
40153,15088
41001,13191
41003,68243
41005,309399
41007,27670
41009,40346
41011,48898
41013,20372
41015,19505
41017,156383
41019,88225
41021,1763
41023,6471
41025,5947
41027,17789
41029,165001
41031,16559
41033,70032
41035,52450
41037,6589
41039,274566
41041,37251
41043,95085
41045,18330
41047,221707
41049,9065
41051,514837
41053,60929
41055,1443
41057,21163
41059,54078
41061,20458
41063,6768
41065,19716
41067,407735
41069,1250
41071,73679
42001,78401
42003,811765
42005,49937
42007,122276
42009,37301
42011,284790
42013,84663
42015,43003
42017,462253
42019,143291
42021,90190
42023,3300
42025,48083
42027,94650
42029,375109
42031,25819
42033,55552
42035,25933
42037,46167
42039,54785
42041,182982
42043,190360
42045,343147
42047,23563
42049,171867
42051,92903
42053,3026
42055,118048
42057,12162
42059,25224
42061,29980
42063,55694
42065,29928
42067,16900
42069,139719
42071,363530
42073,61532
42075,96861
42077,242397
42079,210544
42081,79307
42083,25708
42085,74133
42087,32305
42089,113519
42091,583711
42093,12800
42095,215954
42097,63123
42099,35514
42101,673223
42103,43034
42105,10926
42107,99709
42109,27272
42111,52215
42113,4531
42115,28168
42117,29613
42119,23850
42121,35368
42123,27586
42125,150893
42127,34462
42129,265490
42131,19708
42133,330061
44001,34092
44003,125518
44005,60882
44007,384633
44009,97089
45001,17827
45003,124549
45005,4500
45007,147685
45009,7287
45011,13307
45013,127898
45015,158719
45017,11182
45019,281503
45021,37173
45023,23485
45025,30846
45027,19932
45029,26568
45031,44450
45033,16973
45035,108896
45037,17132
45039,16248
45041,90598
45043,46315
45045,369747
45047,46625
45049,11701
45051,231317
45053,18554
45055,48609
45057,67542
45059,47014
45061,10958
45063,218072
45065,6763
45067,17043
45069,14465
45071,28647
45073,61279
45075,56187
45077,93479
45079,269383
45081,14090
45083,228562
45085,72374
45087,19206
45089,19898
45091,202353
46003,2293
46005,14578
46007,1797
46009,5189
46011,24782
46013,28984
46015,3883
46017,820
46019,8150
46021,1406
46023,5875
46025,2982
46027,9345
46029,23419
46031,1896
46033,7933
46035,15622
46037,4693
46039,3849
46041,2857
46043,2445
46045,3277
46047,6048
46049,1652
46051,6241
46053,3387
46055,1473
46057,4731
46059,2681
46061,2520
46063,1097
46065,13718
46067,6106
46069,1222
46071,1291
46073,1737
46075,832
46077,4212
46079,9392
46081,20843
46083,51686
46085,2322
46087,5117
46089,1831
46091,3701
46093,23270
46095,1061
46097,1957
46099,140519
46101,5202
46102,3526
46103,82292
46105,2717
46107,2256
46109,7136
46111,1925
46115,5072
46117,2598
46119,1210
46121,3441
46123,4246
46125,7423
46127,13589
46129,4188
46135,18241
46137,1220
47001,58383
47003,35980
47005,11399
47007,9649
47009,102836
47011,78853
47013,29516
47015,11904
47017,20300
47019,43489
47021,32662
47023,12146
47025,25528
47027,5569
47029,27958
47031,43289
47033,10118
47035,49204
47037,488915
47039,8500
47041,14784
47043,40631
47045,25493
47047,32269
47049,13909
47051,31656
47053,34684
47055,22655
47057,18411
47059,54055
47061,9784
47063,47094
47065,261475
47067,4871
47069,16182
47071,19664
47073,43781
47075,12155
47077,20232
47079,23865
47081,17248
47083,5372
47085,13248
47087,8763
47089,40093
47091,13157
47093,346725
47095,3090
47097,15140
47099,31392
47101,9742
47103,27808
47105,43799
47107,41852
47109,18693
47111,18866
47113,67520
47115,23781
47117,25678
47119,76695
47121,10297
47123,36927
47125,148980
47127,5256
47129,14766
47131,21355
47133,17480
47135,6132
47137,4149
47139,14104
47141,60361
47143,23839
47145,43131
47147,55033
47149,235360
47151,16511
47153,12102
47155,71335
47157,576655
47159,15155
47161,10306
47163,123944
47165,143621
47167,43585
47169,6230
47171,14039
47173,14561
47175,4411
47177,29900
47179,99441
47181,11108
47183,23740
47185,19937
47187,175962
47189,107090
48001,29115
48003,12120
48005,54562
48007,17241
48009,6701
48011,1607
48013,30411
48015,24344
48017,3182
48019,17108
48021,64094
48023,2719
48025,14454
48027,229968
48029,1240053
48031,9368
48033,442
48035,13949
48037,58390
48039,243529
48041,143907
48043,8570
48045,1039
48047,3438
48049,26362
48051,13235
48053,35362
48055,27913
48057,14208
48059,9862
48061,222152
48063,7902
48065,4727
48067,21264
48069,4516
48071,31193
48073,34203
48075,3859
48077,8196
48079,1673
48081,2411
48083,5879
48085,696042
48087,1915
48089,13167
48091,122271
48093,9935
48095,1476
48097,31253
48099,43370
48101,1133
48103,2909
48105,2146
48107,3588
48109,967
48111,4693
48113,1612722
48115,7011
48117,11651
48119,4019
48121,611981
48123,12012
48125,1129
48127,4489
48129,2205
48131,4680
48133,11881
48135,107406
48137,1022
48139,128134
48141,520154
48143,29421
48145,8846
48147,23694
48149,17086
48151,2860
48153,3673
48155,770
48157,519189
48159,7362
48161,12607
48163,8280
48165,12874
48167,241084
48169,3517
48171,21511
48173,996
48175,4928
48177,13237
48179,14262
48181,94893
48183,80531
48185,18368
48187,117442
48189,20011
48191,2057
48193,5619
48195,3488
48197,2305
48199,38200
48201,2866447
48203,44324
48205,3185
48207,3797
48209,162835
48211,2569
48213,56558
48215,444868
48217,24138
48219,14301
48221,46157
48223,26484
48225,12372
48227,21127
48229,1273
48231,67166
48233,13248
48235,1192
48237,4921
48239,9814
48241,22741
48243,1791
48245,155250
48247,2272
48249,22130
48251,116281
48253,11267
48255,7885
48257,94731
48259,33382
48261,80
48263,438
48265,39860
48267,3548
48269,181
48271,1789
48273,19042
48275,2183
48277,34832
48279,8815
48281,15449
48283,3914
48285,15460
48287,12486
48289,11588
48291,52062
48293,15251
48295,2366
48297,6848
48299,17507
48301,55
48303,205961
48305,4047
48307,5346
48309,167464
48311,374
48313,7521
48315,6818
48317,3815
48319,2950
48321,23522
48323,32253
48325,33925
48327,1611
48329,118903
48331,18662
48333,3444
48335,3994
48337,15294
48339,412985
48341,12626
48343,8731
48345,914
48347,42670
48349,33360
48351,8407
48353,9339
48355,221555
48357,6980
48359,1402
48361,56910
48363,19286
48365,14641
48367,105389
48369,6541
48371,9239
48373,31122
48375,72943
48377,3417
48379,8967
48381,101937
48383,2173
48385,1682
48387,8417
48389,7582
48391,3549
48393,612
48395,11382
48397,76392
48399,6936
48401,33662
48403,7782
48405,5127
48407,18365
48409,41973
48411,3838
48413,1696
48415,10675
48417,2438
48419,16042
48421,1612
48423,151829
48425,6713
48427,30993
48429,6236
48431,786
48433,965
48435,2191
48437,4300
48439,1353858
48441,93996
48443,827
48445,7249
48447,1136
48449,20122
48451,80126
48453,874292
48455,9526
48457,11716
48459,27219
48461,2665
48463,13995
48465,29944
48467,43853
48469,60059
48471,40696
48473,34466
48475,8301
48477,25594
48479,138446
48481,27164
48483,3760
48485,81565
48487,7889
48489,9284
48491,409665
48493,36487
48495,5568
48497,49772
48499,32954
48501,5278
48503,13018
48505,7226
48507,6322
49001,4818
49003,38855
49005,82873
49007,15056
49009,386
49011,230226
49013,13049
49015,7750
49017,3830
49019,8461
49021,36428
49023,8021
49025,6041
49027,9464
49029,8614
49031,1090
49033,1492
49035,758715
49037,8206
49039,19161
49041,15530
49043,28035
49045,47551
49047,22548
49049,378865
49051,23282
49053,119737
49055,2335
49057,174845
50001,26230
50003,24364
50005,20955
50007,113362
50009,4694
50011,34668
50013,5748
50015,18817
50017,22829
50019,19473
50021,41425
50023,41240
50025,31590
50027,42232
51001,25176
51003,79862
51005,12032
51007,11425
51009,25395
51011,12586
51013,145837
51015,62644
51017,3837
51019,67447
51021,4312
51023,27805
51025,11235
51027,13873
51029,11476
51031,43218
51033,23750
51035,23971
51036,6023
51037,8477
51041,262399
51043,11972
51045,4262
51047,36759
51049,8456
51051,9781
51053,21613
51057,8192
51059,749115
51061,54252
51063,13946
51065,20099
51067,44314
51069,65562
51071,13102
51073,31509
51075,20072
51077,12143
51079,15654
51081,6063
51083,25942
51085,85670
51087,237917
51089,38557
51091,1947
51093,30996
51095,56208
51097,5841
51099,20626
51101,14626
51103,9791
51105,14527
51107,272321
51109,30289
51111,8408
51113,10781
51115,7581
51117,22937
51119,8871
51121,65893
51125,12541
51127,19169
51131,9134
51133,9799
51135,10432
51137,28299
51139,18344
51141,15793
51143,49060
51145,24572
51147,12866
51149,26945
51153,304758
51155,26752
51157,5971
51159,5928
51161,74934
51163,18373
51165,64098
51167,19555
51169,16209
51171,34263
51173,22575
51175,13831
51177,99080
51179,105748
51181,5424
51183,6778
51185,28743
51187,30720
51191,41482
51193,14848
51195,24046
51197,23190
51199,51811
51510,98236
51520,11465
51530,4787
51540,29322
51550,173542
51570,13243
51580,4383
51590,27498
51595,3266
51600,16596
51610,9572
51620,5836
51630,17729
51640,4696
51650,96016
51660,30045
51670,15806
51678,3319
51680,47094
51683,25476
51685,10296
51690,8034
51700,119614
51710,142513
51720,2395
51730,19720
51735,9890
51740,60846
51750,9724
51760,140081
51770,64358
51775,18029
51790,18374
51800,67924
51810,331787
51820,15604
51830,7719
51840,17880
53001,12499
53003,18256
53005,146686
53007,56045
53009,61853
53011,358767
53013,3802
53015,80409
53017,31132
53019,5645
53021,57145
53023,2110
53025,65624
53027,55023
53029,69241
53031,29016
53033,1474412
53035,205389
53037,37373
53039,18186
53041,63389
53043,9497
53045,51296
53047,33522
53049,18400
53051,11707
53053,646782
53055,15973
53057,102470
53059,9950
53061,593201
53063,380458
53065,37925
53067,219164
53069,3739
53071,43079
53073,168188
53075,30070
53077,169473
54001,10258
54003,89191
54005,13757
54007,8190
54009,15505
54011,59735
54013,4373
54015,5180
54017,4450
54019,26537
54021,3804
54023,7743
54025,25165
54027,16047
54029,21070
54031,11198
54033,44349
54035,20130
54037,41656
54039,119286
54041,11265
54043,12952
54045,19320
54047,10238
54049,39436
54051,19791
54053,18400
54055,40907
54057,19368
54059,13763
54061,72194
54063,8432
54065,14433
54067,17428
54069,26414
54071,4731
54073,5147
54075,5121
54077,22951
54079,39285
54081,49419
54083,16456
54085,5722
54087,9023
54089,8226
54091,12049
54093,4884
54095,5159
54097,16406
54099,24218
54101,4900
54103,9370
54105,3653
54107,58785
54109,13423
55001,16116
55003,11683
55005,35336
55007,14344
55009,192221
55011,10958
55013,13793
55015,40001
55017,50406
55019,23928
55021,47323
55023,11656
55025,386232
55027,65432
55029,24970
55031,33249
55033,32973
55035,75567
55037,4032
55039,76949
55041,6877
55043,37136
55045,29642
55047,14939
55049,18816
55051,5123
55053,15231
55055,64020
55057,19679
55059,119545
55061,16725
55063,86441
55065,13158
55067,15136
55069,22225
55071,63501
55073,106348
55075,33726
55077,12896
55078,2105
55079,557143
55081,32762
55083,33751
55085,29236
55087,139865
55089,68882
55091,6152
55093,32346
55095,36948
55097,53938
55099,12021
55101,139464
55103,13318
55105,120485
55107,11719
55109,72884
55111,49935
55113,14292
55115,32437
55117,86591
55119,15201
55121,23963
55123,21407
55125,19465
55127,79745
55129,13718
55131,106525
55133,311399
55135,43400
55137,19427
55139,126087
55141,58012
56001,29693
56003,8803
56005,35855
56007,11812
56009,11939
56011,6306
56013,28240
56015,10067
56017,3920
56019,7579
56021,78661
56023,15888
56025,62507
56027,2136
56029,25491
56031,7955
56033,25697
56035,7829
56037,33031
56039,18009
56041,16185
56043,6736
56045,6002
72001,8077
72003,19053
72005,29595
72007,12984
72009,12922
72011,13480
72013,44485
72015,7821
72017,12458
72019,14217
72021,99504
72023,24374
72025,70839
72027,16851
72029,22729
72031,88781
72033,10736
72035,22716
72037,6099
72039,8346
72041,20704
72043,19676
72045,7074
72047,16119
72049,647
72051,19486
72053,17402
72054,6747
72055,6880
72057,17930
72059,9588
72061,48658
72063,24370
72065,20242
72067,9005
72069,26028
72071,21384
72073,6537
72075,22758
72077,20210
72079,10839
72081,14254
72083,4156
72085,20380
72087,10741
72089,9334
72091,19771
72093,2816
72095,5971
72097,37091
72099,20024
72101,14911
72103,11335
72105,12163
72107,9893
72109,8244
72111,9631
72113,67186
72115,10845
72117,8459
72119,23123
72121,9090
72123,14007
72125,15508
72127,167974
72129,19889
72131,20854
72133,10869
72135,37598
72137,44127
72139,39352
72141,13100
72143,18200
72145,29910
72147,3110
72149,12508
72151,17520
72153,16630