<?xml version="1.0" encoding="UTF-8"?>
<metadata xml:lang="en"><Esri><CreaDate>20220720</CreaDate><CreaTime>11434300</CreaTime><ArcGISFormat>1.0</ArcGISFormat><SyncOnce>TRUE</SyncOnce><DataProperties><lineage><Process ToolSource="c:\program files (x86)\arcgis\desktop10.7\ArcToolbox\Toolboxes\Data Management Tools.tbx\Project" Date="20210309" Time="093420">Project C:\projects\FHWA_AlternativeFuelCorridors\Round5\StateSubmissions\AltFuels_rounds1-4R.shp C:\projects\FHWA_AlternativeFuelCorridors\Round5\StateSubmissions\AltFuels_rounds14R_Project.shp PROJCS['USA_Contiguous_Albers_Equal_Area_Conic',GEOGCS['GCS_North_American_1983',DATUM['D_North_American_1983',SPHEROID['GRS_1980',6378137.0,298.257222101]],PRIMEM['Greenwich',0.0],UNIT['Degree',0.0174532925199433]],PROJECTION['Albers'],PARAMETER['False_Easting',0.0],PARAMETER['False_Northing',0.0],PARAMETER['Central_Meridian',-96.0],PARAMETER['Standard_Parallel_1',29.5],PARAMETER['Standard_Parallel_2',45.5],PARAMETER['Latitude_Of_Origin',37.5],UNIT['Meter',1.0]] # GEOGCS['GCS_GRS_1980',DATUM['D_GRS_1980',SPHEROID['GRS_1980',6378137.0,298.257222101]],PRIMEM['Greenwich',0.0],UNIT['Degree',0.0174532925199433]] PRESERVE_SHAPE # NO_VERTICAL</Process><Process ToolSource="c:\program files (x86)\arcgis\desktop10.7\ArcToolbox\Toolboxes\Data Management Tools.tbx\CalculateField" Date="20210309" Time="113726">CalculateField AltFuels_rounds1-5 LPG_ROUND 5 VB #</Process><Process ToolSource="c:\program files (x86)\arcgis\desktop10.7\ArcToolbox\Toolboxes\Data Management Tools.tbx\CalculateField" Date="20210309" Time="113732">CalculateField AltFuels_rounds1-5 LPG 1 VB #</Process><Process ToolSource="c:\program files (x86)\arcgis\desktop10.7\ArcToolbox\Toolboxes\Data Management Tools.tbx\CalculateField" Date="20210309" Time="113749">CalculateField AltFuels_rounds1-5 PROPANE "Signage Ready" VB #</Process><Process ToolSource="c:\program files (x86)\arcgis\desktop10.7\ArcToolbox\Toolboxes\Data Management Tools.tbx\CalculateField" Date="20210309" Time="132322">CalculateField AltFuels_rounds1-5 EV_ROUND 5 VB #</Process><Process ToolSource="c:\program files (x86)\arcgis\desktop10.7\ArcToolbox\Toolboxes\Data Management Tools.tbx\CalculateField" Date="20210309" Time="132349">CalculateField AltFuels_rounds1-5 EV 2 VB #</Process><Process ToolSource="c:\program files (x86)\arcgis\desktop10.7\ArcToolbox\Toolboxes\Data Management Tools.tbx\CalculateField" Date="20210309" Time="141339">CalculateField AltFuels_rounds1-5 EV_ROUND 5 VB #</Process><Process ToolSource="c:\program files (x86)\arcgis\desktop10.7\ArcToolbox\Toolboxes\Data Management Tools.tbx\CalculateField" Date="20210309" Time="141346">CalculateField AltFuels_rounds1-5 EV 1 VB #</Process><Process ToolSource="c:\program files (x86)\arcgis\desktop10.7\ArcToolbox\Toolboxes\Data Management Tools.tbx\CalculateField" Date="20210309" Time="141359">CalculateField AltFuels_rounds1-5 ELECTRICVE "Signage Ready" VB #</Process><Process ToolSource="c:\program files (x86)\arcgis\desktop10.7\ArcToolbox\Toolboxes\Data Management Tools.tbx\CalculateField" Date="20210309" Time="144524">CalculateField AltFuels_rounds1-5 ELECTRICVE "Signage Ready" VB #</Process><Process ToolSource="c:\program files (x86)\arcgis\desktop10.7\ArcToolbox\Toolboxes\Data Management Tools.tbx\CalculateField" Date="20210309" Time="144532">CalculateField AltFuels_rounds1-5 EV 1 VB #</Process><Process ToolSource="c:\program files (x86)\arcgis\desktop10.7\ArcToolbox\Toolboxes\Data Management Tools.tbx\CalculateField" Date="20210309" Time="144541">CalculateField AltFuels_rounds1-5 EV_ROUND 5 VB #</Process><Process ToolSource="c:\program files (x86)\arcgis\desktop10.7\ArcToolbox\Toolboxes\Data Management Tools.tbx\CalculateField" Date="20210309" Time="152226">CalculateField AltFuels_rounds1-5 LPG_ROUND 5 VB #</Process><Process ToolSource="c:\program files (x86)\arcgis\desktop10.7\ArcToolbox\Toolboxes\Data Management Tools.tbx\CalculateField" Date="20210309" Time="152233">CalculateField AltFuels_rounds1-5 LPG 2 VB #</Process><Process ToolSource="c:\program files (x86)\arcgis\desktop10.7\ArcToolbox\Toolboxes\Data Management Tools.tbx\CalculateField" Date="20210309" Time="152245">CalculateField AltFuels_rounds1-5 PROPANE "Signage  Pending" VB #</Process><Process ToolSource="c:\program files (x86)\arcgis\desktop10.7\ArcToolbox\Toolboxes\Data Management Tools.tbx\CalculateField" Date="20210309" Time="152313">CalculateField AltFuels_rounds1-5 LPG_ROUND 5 VB #</Process><Process ToolSource="c:\program files (x86)\arcgis\desktop10.7\ArcToolbox\Toolboxes\Data Management Tools.tbx\CalculateField" Date="20210309" Time="152320">CalculateField AltFuels_rounds1-5 LPG 1 VB #</Process><Process ToolSource="c:\program files (x86)\arcgis\desktop10.7\ArcToolbox\Toolboxes\Data Management Tools.tbx\CalculateField" Date="20210309" Time="152334">CalculateField AltFuels_rounds1-5 PROPANE "Signage Ready" VB #</Process><Process ToolSource="c:\program files (x86)\arcgis\desktop10.7\ArcToolbox\Toolboxes\Data Management Tools.tbx\CalculateField" Date="20210309" Time="152406">CalculateField AltFuels_rounds1-5 HY_ROUND 5 VB #</Process><Process ToolSource="c:\program files (x86)\arcgis\desktop10.7\ArcToolbox\Toolboxes\Data Management Tools.tbx\CalculateField" Date="20210309" Time="152414">CalculateField AltFuels_rounds1-5 HY 2 VB #</Process><Process ToolSource="c:\program files (x86)\arcgis\desktop10.7\ArcToolbox\Toolboxes\Data Management Tools.tbx\CalculateField" Date="20210309" Time="152427">CalculateField AltFuels_rounds1-5 HYDROGEN "Signage Pending" VB #</Process><Process ToolSource="c:\program files (x86)\arcgis\desktop10.7\ArcToolbox\Toolboxes\Data Management Tools.tbx\CalculateField" Date="20210309" Time="152643">CalculateField AltFuels_rounds1-5 ELECTRICVE "Signage Pending" VB #</Process><Process ToolSource="c:\program files (x86)\arcgis\desktop10.7\ArcToolbox\Toolboxes\Data Management Tools.tbx\CalculateField" Date="20210309" Time="152650">CalculateField AltFuels_rounds1-5 EV 2 VB #</Process><Process ToolSource="c:\program files (x86)\arcgis\desktop10.7\ArcToolbox\Toolboxes\Data Management Tools.tbx\CalculateField" Date="20210309" Time="152658">CalculateField AltFuels_rounds1-5 EV_ROUND 5 VB #</Process><Process ToolSource="c:\program files (x86)\arcgis\desktop10.7\ArcToolbox\Toolboxes\Data Management Tools.tbx\CalculateField" Date="20210310" Time="083256">CalculateField AltFuels_rounds1-5 PRIMARY_NA "US2" VB #</Process><Process ToolSource="c:\program files (x86)\arcgis\desktop10.7\ArcToolbox\Toolboxes\Data Management Tools.tbx\CalculateField" Date="20210310" Time="083311">CalculateField AltFuels_rounds1-5 ROADTYPE "U" VB #</Process><Process ToolSource="c:\program files (x86)\arcgis\desktop10.7\ArcToolbox\Toolboxes\Data Management Tools.tbx\CalculateField" Date="20210310" Time="085645">CalculateField AltFuels_rounds1-5 STATE "ME" VB #</Process><Process ToolSource="c:\program files (x86)\arcgis\desktop10.7\ArcToolbox\Toolboxes\Data Management Tools.tbx\CalculateField" Date="20210310" Time="093628">CalculateField AltFuels_rounds1-5 EV_ROUND 5 VB #</Process><Process ToolSource="c:\program files (x86)\arcgis\desktop10.7\ArcToolbox\Toolboxes\Data Management Tools.tbx\CalculateField" Date="20210310" Time="093634">CalculateField AltFuels_rounds1-5 EV 1 VB #</Process><Process ToolSource="c:\program files (x86)\arcgis\desktop10.7\ArcToolbox\Toolboxes\Data Management Tools.tbx\CalculateField" Date="20210310" Time="093648">CalculateField AltFuels_rounds1-5 ELECTRICVE "Signage Ready" VB #</Process><Process ToolSource="c:\program files (x86)\arcgis\desktop10.7\ArcToolbox\Toolboxes\Data Management Tools.tbx\CalculateField" Date="20210310" Time="093728">CalculateField AltFuels_rounds1-5 EV_ROUND 5 VB #</Process><Process ToolSource="c:\program files (x86)\arcgis\desktop10.7\ArcToolbox\Toolboxes\Data Management Tools.tbx\CalculateField" Date="20210310" Time="093801">CalculateField AltFuels_rounds1-5 EV_ROUND 5 VB #</Process><Process ToolSource="c:\program files (x86)\arcgis\desktop10.7\ArcToolbox\Toolboxes\Data Management Tools.tbx\CalculateField" Date="20210310" Time="093808">CalculateField AltFuels_rounds1-5 EV 1 VB #</Process><Process ToolSource="c:\program files (x86)\arcgis\desktop10.7\ArcToolbox\Toolboxes\Data Management Tools.tbx\CalculateField" Date="20210310" Time="093823">CalculateField AltFuels_rounds1-5 ELECTRICVE "Signage Ready" VB #</Process><Process ToolSource="c:\program files (x86)\arcgis\desktop10.7\ArcToolbox\Toolboxes\Data Management Tools.tbx\CalculateField" Date="20210310" Time="094803">CalculateField AltFuels_rounds1-5 STATE "MD" VB #</Process><Process ToolSource="c:\program files (x86)\arcgis\desktop10.7\ArcToolbox\Toolboxes\Data Management Tools.tbx\CalculateField" Date="20210310" Time="095923">CalculateField AltFuels_rounds1-5 EV_ROUND 5 VB #</Process><Process ToolSource="c:\program files (x86)\arcgis\desktop10.7\ArcToolbox\Toolboxes\Data Management Tools.tbx\CalculateField" Date="20210310" Time="095930">CalculateField AltFuels_rounds1-5 ALTFUEL_RO 25 VB #</Process><Process ToolSource="c:\program files (x86)\arcgis\desktop10.7\ArcToolbox\Toolboxes\Data Management Tools.tbx\CalculateField" Date="20210310" Time="100103">CalculateField AltFuels_rounds1-5 EV 1 VB #</Process><Process ToolSource="c:\program files (x86)\arcgis\desktop10.7\ArcToolbox\Toolboxes\Data Management Tools.tbx\CalculateField" Date="20210310" Time="100117">CalculateField AltFuels_rounds1-5 ELECTRICVE "Signage Ready" VB #</Process><Process ToolSource="c:\program files (x86)\arcgis\desktop10.7\ArcToolbox\Toolboxes\Data Management Tools.tbx\CalculateField" Date="20210310" Time="101537">CalculateField AltFuels_rounds1-5 ELECTRICVE "Signage Ready" VB #</Process><Process ToolSource="c:\program files (x86)\arcgis\desktop10.7\ArcToolbox\Toolboxes\Data Management Tools.tbx\CalculateField" Date="20210310" Time="101545">CalculateField AltFuels_rounds1-5 EV 1 VB #</Process><Process ToolSource="c:\program files (x86)\arcgis\desktop10.7\ArcToolbox\Toolboxes\Data Management Tools.tbx\CalculateField" Date="20210310" Time="101552">CalculateField AltFuels_rounds1-5 EV_ROUND 5 VB #</Process><Process ToolSource="c:\program files (x86)\arcgis\desktop10.7\ArcToolbox\Toolboxes\Data Management Tools.tbx\CalculateField" Date="20210310" Time="101601">CalculateField AltFuels_rounds1-5 ALTFUEL_RO 35 VB #</Process><Process ToolSource="c:\program files (x86)\arcgis\desktop10.7\ArcToolbox\Toolboxes\Data Management Tools.tbx\CalculateField" Date="20210310" Time="101807">CalculateField AltFuels_rounds1-5 EV_ROUND 5 VB #</Process><Process ToolSource="c:\program files (x86)\arcgis\desktop10.7\ArcToolbox\Toolboxes\Data Management Tools.tbx\CalculateField" Date="20210310" Time="101816">CalculateField AltFuels_rounds1-5 ALTFUEL_RO 35 VB #</Process><Process ToolSource="c:\program files (x86)\arcgis\desktop10.7\ArcToolbox\Toolboxes\Data Management Tools.tbx\CalculateField" Date="20210310" Time="102506">CalculateField AltFuels_rounds1-5 EV_ROUND 5 VB #</Process><Process ToolSource="c:\program files (x86)\arcgis\desktop10.7\ArcToolbox\Toolboxes\Data Management Tools.tbx\CalculateField" Date="20210310" Time="102518">CalculateField AltFuels_rounds1-5 EV 2 VB #</Process><Process ToolSource="c:\program files (x86)\arcgis\desktop10.7\ArcToolbox\Toolboxes\Data Management Tools.tbx\CalculateField" Date="20210310" Time="102535">CalculateField AltFuels_rounds1-5 ALTFUEL_RO 15 VB #</Process><Process ToolSource="c:\program files (x86)\arcgis\desktop10.7\ArcToolbox\Toolboxes\Data Management Tools.tbx\CalculateField" Date="20210310" Time="105117">CalculateField AltFuels_rounds1-5 EV_ROUND 5 VB #</Process><Process ToolSource="c:\program files (x86)\arcgis\desktop10.7\ArcToolbox\Toolboxes\Data Management Tools.tbx\CalculateField" Date="20210310" Time="105127">CalculateField AltFuels_rounds1-5 EV 1 VB #</Process><Process ToolSource="c:\program files (x86)\arcgis\desktop10.7\ArcToolbox\Toolboxes\Data Management Tools.tbx\CalculateField" Date="20210310" Time="105134">CalculateField AltFuels_rounds1-5 ALTFUEL_RO 15 VB #</Process><Process ToolSource="c:\program files (x86)\arcgis\desktop10.7\ArcToolbox\Toolboxes\Data Management Tools.tbx\CalculateField" Date="20210310" Time="113650">CalculateField AltFuels_rounds1-5 EV_ROUND 5 VB #</Process><Process ToolSource="c:\program files (x86)\arcgis\desktop10.7\ArcToolbox\Toolboxes\Data Management Tools.tbx\CalculateField" Date="20210310" Time="113700">CalculateField AltFuels_rounds1-5 EV 1 VB #</Process><Process ToolSource="c:\program files (x86)\arcgis\desktop10.7\ArcToolbox\Toolboxes\Data Management Tools.tbx\CalculateField" Date="20210310" Time="113713">CalculateField AltFuels_rounds1-5 ELECTRICVE "Signage Ready" VB #</Process><Process ToolSource="c:\program files (x86)\arcgis\desktop10.7\ArcToolbox\Toolboxes\Data Management Tools.tbx\CalculateField" Date="20210310" Time="113723">CalculateField AltFuels_rounds1-5 ALTFUEL_RO 35 VB #</Process><Process ToolSource="c:\program files (x86)\arcgis\desktop10.7\ArcToolbox\Toolboxes\Data Management Tools.tbx\CalculateField" Date="20210310" Time="114342">CalculateField AltFuels_rounds1-5 LPG_ROUND 5 VB #</Process><Process ToolSource="c:\program files (x86)\arcgis\desktop10.7\ArcToolbox\Toolboxes\Data Management Tools.tbx\CalculateField" Date="20210310" Time="114353">CalculateField AltFuels_rounds1-5 LPG 1 VB #</Process><Process ToolSource="c:\program files (x86)\arcgis\desktop10.7\ArcToolbox\Toolboxes\Data Management Tools.tbx\CalculateField" Date="20210310" Time="114413">CalculateField AltFuels_rounds1-5 PROPANE "Signage Ready" VB #</Process><Process ToolSource="c:\program files (x86)\arcgis\desktop10.7\ArcToolbox\Toolboxes\Data Management Tools.tbx\CalculateField" Date="20210310" Time="114615">CalculateField AltFuels_rounds1-5 LPG_ROUND 5 VB #</Process><Process ToolSource="c:\program files (x86)\arcgis\desktop10.7\ArcToolbox\Toolboxes\Data Management Tools.tbx\CalculateField" Date="20210310" Time="114632">CalculateField AltFuels_rounds1-5 LPG 2 VB #</Process><Process ToolSource="c:\program files (x86)\arcgis\desktop10.7\ArcToolbox\Toolboxes\Data Management Tools.tbx\CalculateField" Date="20210310" Time="114650">CalculateField AltFuels_rounds1-5 PROPANE "Signage Pending" VB #</Process><Process ToolSource="c:\program files (x86)\arcgis\desktop10.7\ArcToolbox\Toolboxes\Data Management Tools.tbx\CalculateField" Date="20210310" Time="114828">CalculateField AltFuels_rounds1-5 PROPANE "Signage Pending" VB #</Process><Process ToolSource="c:\program files (x86)\arcgis\desktop10.7\ArcToolbox\Toolboxes\Data Management Tools.tbx\CalculateField" Date="20210310" Time="114836">CalculateField AltFuels_rounds1-5 LPG 2 VB #</Process><Process ToolSource="c:\program files (x86)\arcgis\desktop10.7\ArcToolbox\Toolboxes\Data Management Tools.tbx\CalculateField" Date="20210310" Time="114842">CalculateField AltFuels_rounds1-5 LPG_ROUND 5 VB #</Process><Process ToolSource="c:\program files (x86)\arcgis\desktop10.7\ArcToolbox\Toolboxes\Data Management Tools.tbx\CalculateField" Date="20210310" Time="114929">CalculateField AltFuels_rounds1-5 LPG_ROUND 5 VB #</Process><Process ToolSource="c:\program files (x86)\arcgis\desktop10.7\ArcToolbox\Toolboxes\Data Management Tools.tbx\CalculateField" Date="20210310" Time="114937">CalculateField AltFuels_rounds1-5 LPG 1 VB #</Process><Process ToolSource="c:\program files (x86)\arcgis\desktop10.7\ArcToolbox\Toolboxes\Data Management Tools.tbx\CalculateField" Date="20210310" Time="114951">CalculateField AltFuels_rounds1-5 PROPANE "Signage Ready" VB #</Process><Process ToolSource="c:\program files (x86)\arcgis\desktop10.7\ArcToolbox\Toolboxes\Data Management Tools.tbx\CalculateField" Date="20210310" Time="115055">CalculateField AltFuels_rounds1-5 PROPANE "Signage Ready" VB #</Process><Process ToolSource="c:\program files (x86)\arcgis\desktop10.7\ArcToolbox\Toolboxes\Data Management Tools.tbx\CalculateField" Date="20210310" Time="115102">CalculateField AltFuels_rounds1-5 LPG 1 VB #</Process><Process ToolSource="c:\program files (x86)\arcgis\desktop10.7\ArcToolbox\Toolboxes\Data Management Tools.tbx\CalculateField" Date="20210310" Time="115108">CalculateField AltFuels_rounds1-5 LPG_ROUND 5 VB #</Process><Process ToolSource="c:\program files (x86)\arcgis\desktop10.7\ArcToolbox\Toolboxes\Data Management Tools.tbx\CalculateField" Date="20210310" Time="115428">CalculateField AltFuels_rounds1-5 LNG_ROUND 5 VB #</Process><Process ToolSource="c:\program files (x86)\arcgis\desktop10.7\ArcToolbox\Toolboxes\Data Management Tools.tbx\CalculateField" Date="20210310" Time="115439">CalculateField AltFuels_rounds1-5 LNG_ROUND 1 VB #</Process><Process ToolSource="c:\program files (x86)\arcgis\desktop10.7\ArcToolbox\Toolboxes\Data Management Tools.tbx\CalculateField" Date="20210310" Time="115458">CalculateField AltFuels_rounds1-5 LPG_ROUND 5 VB #</Process><Process ToolSource="c:\program files (x86)\arcgis\desktop10.7\ArcToolbox\Toolboxes\Data Management Tools.tbx\CalculateField" Date="20210310" Time="115504">CalculateField AltFuels_rounds1-5 LPG 2 VB #</Process><Process ToolSource="c:\program files (x86)\arcgis\desktop10.7\ArcToolbox\Toolboxes\Data Management Tools.tbx\CalculateField" Date="20210310" Time="115528">CalculateField AltFuels_rounds1-5 PROPANE "Signage Pending" VB #</Process><Process ToolSource="c:\program files (x86)\arcgis\desktop10.7\ArcToolbox\Toolboxes\Data Management Tools.tbx\CalculateField" Date="20210310" Time="115640">CalculateField AltFuels_rounds1-5 ALTFUEL_RO 15 VB #</Process><Process ToolSource="c:\program files (x86)\arcgis\desktop10.7\ArcToolbox\Toolboxes\Data Management Tools.tbx\CalculateField" Date="20210310" Time="115722">CalculateField AltFuels_rounds1-5 LPG_ROUND 5 VB #</Process><Process ToolSource="c:\program files (x86)\arcgis\desktop10.7\ArcToolbox\Toolboxes\Data Management Tools.tbx\CalculateField" Date="20210310" Time="115731">CalculateField AltFuels_rounds1-5 LPG 1 VB #</Process><Process ToolSource="c:\program files (x86)\arcgis\desktop10.7\ArcToolbox\Toolboxes\Data Management Tools.tbx\CalculateField" Date="20210310" Time="115748">CalculateField AltFuels_rounds1-5 PROPANE "Signage Ready" VB #</Process><Process ToolSource="c:\program files (x86)\arcgis\desktop10.7\ArcToolbox\Toolboxes\Data Management Tools.tbx\CalculateField" Date="20210310" Time="131912">CalculateField AltFuels_rounds1-5 EV_ROUND 5 VB #</Process><Process ToolSource="c:\program files (x86)\arcgis\desktop10.7\ArcToolbox\Toolboxes\Data Management Tools.tbx\CalculateField" Date="20210310" Time="131920">CalculateField AltFuels_rounds1-5 ALTFUEL_RO 35 VB #</Process><Process ToolSource="c:\program files (x86)\arcgis\desktop10.7\ArcToolbox\Toolboxes\Data Management Tools.tbx\CalculateField" Date="20210310" Time="131936">CalculateField AltFuels_rounds1-5 ELECTRICVE "Signage Ready" VB #</Process><Process ToolSource="c:\program files (x86)\arcgis\desktop10.7\ArcToolbox\Toolboxes\Data Management Tools.tbx\CalculateField" Date="20210310" Time="132229">CalculateField AltFuels_rounds1-5 EV_ROUND 5 VB #</Process><Process ToolSource="c:\program files (x86)\arcgis\desktop10.7\ArcToolbox\Toolboxes\Data Management Tools.tbx\CalculateField" Date="20210310" Time="132236">CalculateField AltFuels_rounds1-5 ALTFUEL_RO 35 VB #</Process><Process ToolSource="c:\program files (x86)\arcgis\desktop10.7\ArcToolbox\Toolboxes\Data Management Tools.tbx\CalculateField" Date="20210310" Time="132504">CalculateField AltFuels_rounds1-5 EV_ROUND 5 VB #</Process><Process ToolSource="c:\program files (x86)\arcgis\desktop10.7\ArcToolbox\Toolboxes\Data Management Tools.tbx\CalculateField" Date="20210310" Time="132514">CalculateField AltFuels_rounds1-5 EV 1 VB #</Process><Process ToolSource="c:\program files (x86)\arcgis\desktop10.7\ArcToolbox\Toolboxes\Data Management Tools.tbx\CalculateField" Date="20210310" Time="132525">CalculateField AltFuels_rounds1-5 ALTFUEL_RO 35 VB #</Process><Process ToolSource="c:\program files (x86)\arcgis\desktop10.7\ArcToolbox\Toolboxes\Data Management Tools.tbx\CalculateField" Date="20210310" Time="133808">CalculateField AltFuels_rounds1-5 HY_ROUND 5 VB #</Process><Process ToolSource="c:\program files (x86)\arcgis\desktop10.7\ArcToolbox\Toolboxes\Data Management Tools.tbx\CalculateField" Date="20210310" Time="133820">CalculateField AltFuels_rounds1-5 HY 2 VB #</Process><Process ToolSource="c:\program files (x86)\arcgis\desktop10.7\ArcToolbox\Toolboxes\Data Management Tools.tbx\CalculateField" Date="20210310" Time="133837">CalculateField AltFuels_rounds1-5 HYDROGEN "Signage Pending" VB #</Process><Process ToolSource="c:\program files (x86)\arcgis\desktop10.7\ArcToolbox\Toolboxes\Data Management Tools.tbx\CalculateField" Date="20210310" Time="134543">CalculateField AltFuels_rounds1-5 LPG 1 VB #</Process><Process ToolSource="c:\program files (x86)\arcgis\desktop10.7\ArcToolbox\Toolboxes\Data Management Tools.tbx\CalculateField" Date="20210310" Time="134558">CalculateField AltFuels_rounds1-5 PROPANE "Signage Ready" VB #</Process><Process ToolSource="c:\program files (x86)\arcgis\desktop10.7\ArcToolbox\Toolboxes\Data Management Tools.tbx\CalculateField" Date="20210310" Time="134607">CalculateField AltFuels_rounds1-5 LPG_ROUND 5 VB #</Process><Process ToolSource="c:\program files (x86)\arcgis\desktop10.7\ArcToolbox\Toolboxes\Data Management Tools.tbx\CalculateField" Date="20210310" Time="134751">CalculateField AltFuels_rounds1-5 HY_ROUND 5 VB #</Process><Process ToolSource="c:\program files (x86)\arcgis\desktop10.7\ArcToolbox\Toolboxes\Data Management Tools.tbx\CalculateField" Date="20210310" Time="134759">CalculateField AltFuels_rounds1-5 HY 2 VB #</Process><Process ToolSource="c:\program files (x86)\arcgis\desktop10.7\ArcToolbox\Toolboxes\Data Management Tools.tbx\CalculateField" Date="20210310" Time="134813">CalculateField AltFuels_rounds1-5 HYDROGEN "Signage Pending" VB #</Process><Process ToolSource="c:\program files (x86)\arcgis\desktop10.7\ArcToolbox\Toolboxes\Data Management Tools.tbx\CalculateField" Date="20210310" Time="134840">CalculateField AltFuels_rounds1-5 PROPANE "Signage Pending" VB #</Process><Process ToolSource="c:\program files (x86)\arcgis\desktop10.7\ArcToolbox\Toolboxes\Data Management Tools.tbx\CalculateField" Date="20210310" Time="134848">CalculateField AltFuels_rounds1-5 LPG 2 VB #</Process><Process ToolSource="c:\program files (x86)\arcgis\desktop10.7\ArcToolbox\Toolboxes\Data Management Tools.tbx\CalculateField" Date="20210310" Time="134855">CalculateField AltFuels_rounds1-5 LPG_ROUND 5 VB #</Process><Process ToolSource="c:\program files (x86)\arcgis\desktop10.7\ArcToolbox\Toolboxes\Data Management Tools.tbx\CalculateField" Date="20210310" Time="141653">CalculateField AltFuels_rounds1-5 LPG_ROUND 5 VB #</Process><Process ToolSource="c:\program files (x86)\arcgis\desktop10.7\ArcToolbox\Toolboxes\Data Management Tools.tbx\CalculateField" Date="20210310" Time="141703">CalculateField AltFuels_rounds1-5 LPG 1 VB #</Process><Process ToolSource="c:\program files (x86)\arcgis\desktop10.7\ArcToolbox\Toolboxes\Data Management Tools.tbx\CalculateField" Date="20210310" Time="141718">CalculateField AltFuels_rounds1-5 LPG_ROUND 5 VB #</Process><Process ToolSource="c:\program files (x86)\arcgis\desktop10.7\ArcToolbox\Toolboxes\Data Management Tools.tbx\CalculateField" Date="20210310" Time="141725">CalculateField AltFuels_rounds1-5 LPG 2 VB #</Process><Process ToolSource="c:\program files (x86)\arcgis\desktop10.7\ArcToolbox\Toolboxes\Data Management Tools.tbx\CalculateField" Date="20210310" Time="141742">CalculateField AltFuels_rounds1-5 PROPANE "Signage Pending" VB #</Process><Process ToolSource="c:\program files (x86)\arcgis\desktop10.7\ArcToolbox\Toolboxes\Data Management Tools.tbx\CalculateField" Date="20210310" Time="160143">CalculateField AltFuels_rounds1-5 ALTFUEL_RO 35 VB #</Process><Process ToolSource="c:\program files (x86)\arcgis\desktop10.7\ArcToolbox\Toolboxes\Data Management Tools.tbx\CalculateField" Date="20210310" Time="160149">CalculateField AltFuels_rounds1-5 EV_ROUND 5 VB #</Process><Process ToolSource="c:\program files (x86)\arcgis\desktop10.7\ArcToolbox\Toolboxes\Data Management Tools.tbx\CalculateField" Date="20210310" Time="160156">CalculateField AltFuels_rounds1-5 EV 1 VB #</Process><Process ToolSource="c:\program files (x86)\arcgis\desktop10.7\ArcToolbox\Toolboxes\Data Management Tools.tbx\CalculateField" Date="20210310" Time="160211">CalculateField AltFuels_rounds1-5 ELECTRICVE "Signage Ready" VB #</Process><Process ToolSource="c:\program files (x86)\arcgis\desktop10.7\ArcToolbox\Toolboxes\Data Management Tools.tbx\CalculateField" Date="20210311" Time="135226">CalculateField AltFuels_rounds1-5 EV_ROUND 5 VB #</Process><Process ToolSource="c:\program files (x86)\arcgis\desktop10.7\ArcToolbox\Toolboxes\Data Management Tools.tbx\CalculateField" Date="20210311" Time="135233">CalculateField AltFuels_rounds1-5 ALTFUEL_RO 15 VB #</Process><Process ToolSource="c:\program files (x86)\arcgis\desktop10.7\ArcToolbox\Toolboxes\Data Management Tools.tbx\CalculateField" Date="20210311" Time="135243">CalculateField AltFuels_rounds1-5 EV 1 VB #</Process><Process ToolSource="c:\program files (x86)\arcgis\desktop10.7\ArcToolbox\Toolboxes\Data Management Tools.tbx\CalculateField" Date="20210311" Time="135306">CalculateField AltFuels_rounds1-5 ELECTRICVE "Signage Ready" VB #</Process><Process ToolSource="c:\program files (x86)\arcgis\desktop10.7\ArcToolbox\Toolboxes\Data Management Tools.tbx\CalculateField" Date="20210311" Time="135644">CalculateField AltFuels_rounds1-5 PROPANE "Signage Ready" VB #</Process><Process ToolSource="c:\program files (x86)\arcgis\desktop10.7\ArcToolbox\Toolboxes\Data Management Tools.tbx\CalculateField" Date="20210311" Time="135651">CalculateField AltFuels_rounds1-5 LPG 1 VB #</Process><Process ToolSource="c:\program files (x86)\arcgis\desktop10.7\ArcToolbox\Toolboxes\Data Management Tools.tbx\CalculateField" Date="20210311" Time="135657">CalculateField AltFuels_rounds1-5 LPG_ROUND 5 VB #</Process><Process ToolSource="c:\program files (x86)\arcgis\desktop10.7\ArcToolbox\Toolboxes\Data Management Tools.tbx\CalculateField" Date="20210311" Time="153938">CalculateField AltFuels_rounds1-5 STATE "IA" VB #</Process><Process ToolSource="c:\program files (x86)\arcgis\desktop10.7\ArcToolbox\Toolboxes\Data Management Tools.tbx\CalculateField" Date="20210311" Time="154052">CalculateField AltFuels_rounds1-5 STATE "IA" VB #</Process><Process ToolSource="c:\program files (x86)\arcgis\desktop10.7\ArcToolbox\Toolboxes\Data Management Tools.tbx\CalculateField" Date="20210311" Time="154141">CalculateField AltFuels_rounds1-5 STATE "IA" VB #</Process><Process ToolSource="c:\program files (x86)\arcgis\desktop10.7\ArcToolbox\Toolboxes\Data Management Tools.tbx\CalculateField" Date="20210311" Time="160322">CalculateField AltFuels_rounds1-5 CNG_ROUND 5 VB #</Process><Process ToolSource="c:\program files (x86)\arcgis\desktop10.7\ArcToolbox\Toolboxes\Data Management Tools.tbx\CalculateField" Date="20210311" Time="160330">CalculateField AltFuels_rounds1-5 CNG 2 VB #</Process><Process ToolSource="c:\program files (x86)\arcgis\desktop10.7\ArcToolbox\Toolboxes\Data Management Tools.tbx\CalculateField" Date="20210311" Time="160343">CalculateField AltFuels_rounds1-5 COMNATURAL "Signage Pending" VB #</Process><Process ToolSource="c:\program files (x86)\arcgis\desktop10.7\ArcToolbox\Toolboxes\Data Management Tools.tbx\CalculateField" Date="20210311" Time="161359">CalculateField AltFuels_rounds1-5 LPG_ROUND 5 VB #</Process><Process ToolSource="c:\program files (x86)\arcgis\desktop10.7\ArcToolbox\Toolboxes\Data Management Tools.tbx\CalculateField" Date="20210311" Time="161406">CalculateField AltFuels_rounds1-5 LPG 1 VB #</Process><Process ToolSource="c:\program files (x86)\arcgis\desktop10.7\ArcToolbox\Toolboxes\Data Management Tools.tbx\CalculateField" Date="20210311" Time="161419">CalculateField AltFuels_rounds1-5 PROPANE "Signage Ready" VB #</Process><Process ToolSource="c:\program files (x86)\arcgis\desktop10.7\ArcToolbox\Toolboxes\Data Management Tools.tbx\CalculateField" Date="20210312" Time="121027">CalculateField AltFuels_rounds1-5 EV_ROUND 5 VB #</Process><Process ToolSource="c:\program files (x86)\arcgis\desktop10.7\ArcToolbox\Toolboxes\Data Management Tools.tbx\CalculateField" Date="20210312" Time="121039">CalculateField AltFuels_rounds1-5 EV 2 VB #</Process><Process ToolSource="c:\program files (x86)\arcgis\desktop10.7\ArcToolbox\Toolboxes\Data Management Tools.tbx\CalculateField" Date="20210312" Time="121047">CalculateField AltFuels_rounds1-5 ALTFUEL_RO 25 VB #</Process><Process ToolSource="c:\program files (x86)\arcgis\desktop10.7\ArcToolbox\Toolboxes\Data Management Tools.tbx\CalculateField" Date="20210312" Time="121058">CalculateField AltFuels_rounds1-5 ELECTRICVE "Signage Pending" VB #</Process><Process ToolSource="c:\program files (x86)\arcgis\desktop10.7\ArcToolbox\Toolboxes\Data Management Tools.tbx\CalculateField" Date="20210312" Time="130338">CalculateField AltFuels_rounds1-5 ALTFUEL_RO 45 VB #</Process><Process ToolSource="c:\program files (x86)\arcgis\desktop10.7\ArcToolbox\Toolboxes\Data Management Tools.tbx\CalculateField" Date="20210312" Time="130355">CalculateField AltFuels_rounds1-5 ELECTRICVE "Signage Ready" VB #</Process><Process ToolSource="c:\program files (x86)\arcgis\desktop10.7\ArcToolbox\Toolboxes\Data Management Tools.tbx\CalculateField" Date="20210312" Time="130403">CalculateField AltFuels_rounds1-5 EV 1 VB #</Process><Process ToolSource="c:\program files (x86)\arcgis\desktop10.7\ArcToolbox\Toolboxes\Data Management Tools.tbx\CalculateField" Date="20210312" Time="133557">CalculateField AltFuels_rounds1-5 ALTFUEL_RO 15 VB #</Process><Process ToolSource="c:\program files (x86)\arcgis\desktop10.7\ArcToolbox\Toolboxes\Data Management Tools.tbx\CalculateField" Date="20210312" Time="133748">CalculateField AltFuels_rounds1-5 ALTFUEL_RO 45 VB #</Process><Process ToolSource="c:\program files (x86)\arcgis\desktop10.7\ArcToolbox\Toolboxes\Data Management Tools.tbx\CalculateField" Date="20210312" Time="134026">CalculateField AltFuels_rounds1-5 EV 1 VB #</Process><Process ToolSource="c:\program files (x86)\arcgis\desktop10.7\ArcToolbox\Toolboxes\Data Management Tools.tbx\CalculateField" Date="20210312" Time="134040">CalculateField AltFuels_rounds1-5 ELECTRICVE "Signage Ready" VB #</Process><Process ToolSource="c:\program files (x86)\arcgis\desktop10.7\ArcToolbox\Toolboxes\Data Management Tools.tbx\CalculateField" Date="20210312" Time="143635">CalculateField AltFuels_rounds1-5 LPG_ROUND 5 VB #</Process><Process ToolSource="c:\program files (x86)\arcgis\desktop10.7\ArcToolbox\Toolboxes\Data Management Tools.tbx\CalculateField" Date="20210312" Time="143642">CalculateField AltFuels_rounds1-5 LPG 2 VB #</Process><Process ToolSource="c:\program files (x86)\arcgis\desktop10.7\ArcToolbox\Toolboxes\Data Management Tools.tbx\CalculateField" Date="20210312" Time="143657">CalculateField AltFuels_rounds1-5 PROPANE "Signage Pending" VB #</Process><Process ToolSource="c:\program files (x86)\arcgis\desktop10.7\ArcToolbox\Toolboxes\Data Management Tools.tbx\CalculateField" Date="20210312" Time="144029">CalculateField AltFuels_rounds1-5 STATE "WV" VB #</Process><Process ToolSource="c:\program files (x86)\arcgis\desktop10.7\ArcToolbox\Toolboxes\Data Management Tools.tbx\CalculateField" Date="20210312" Time="150914">CalculateField AltFuels_rounds1-5 CCSTYLE 3 VB #</Process><Process ToolSource="c:\program files (x86)\arcgis\desktop10.7\ArcToolbox\Toolboxes\Data Management Tools.tbx\CalculateField" Date="20210312" Time="150943">CalculateField AltFuels_rounds1-5 CCSTYLE 4 VB #</Process><Process ToolSource="c:\program files (x86)\arcgis\desktop10.7\ArcToolbox\Toolboxes\Data Management Tools.tbx\CalculateField" Date="20210312" Time="163221">CalculateField AltFuels_rounds1-5 CCSTYLE 1 VB #</Process><Process ToolSource="c:\program files (x86)\arcgis\desktop10.7\ArcToolbox\Toolboxes\Data Management Tools.tbx\CalculateField" Date="20210312" Time="163236">CalculateField AltFuels_rounds1-5 EV_ROUND 5 VB #</Process><Process ToolSource="c:\program files (x86)\arcgis\desktop10.7\ArcToolbox\Toolboxes\Data Management Tools.tbx\CalculateField" Date="20210312" Time="163525">CalculateField AltFuels_rounds1-5 COMNATURAL "Signage Ready" VB #</Process><Process ToolSource="c:\program files (x86)\arcgis\desktop10.7\ArcToolbox\Toolboxes\Data Management Tools.tbx\CalculateField" Date="20210312" Time="163628">CalculateField AltFuels_rounds1-5 COMNATURAL "Signage Ready" VB #</Process><Process ToolSource="c:\program files (x86)\arcgis\desktop10.7\ArcToolbox\Toolboxes\Data Management Tools.tbx\CalculateField" Date="20210313" Time="094505">CalculateField AltFuels_rounds1-5 CNG_ROUND 5 VB #</Process><Process ToolSource="c:\program files (x86)\arcgis\desktop10.7\ArcToolbox\Toolboxes\Data Management Tools.tbx\CalculateField" Date="20210313" Time="094512">CalculateField AltFuels_rounds1-5 CNG 2 VB #</Process><Process ToolSource="c:\program files (x86)\arcgis\desktop10.7\ArcToolbox\Toolboxes\Data Management Tools.tbx\CalculateField" Date="20210313" Time="094523">CalculateField AltFuels_rounds1-5 COMNATURAL "Signage Pending" VB #</Process><Process ToolSource="c:\program files (x86)\arcgis\desktop10.7\ArcToolbox\Toolboxes\Data Management Tools.tbx\CalculateField" Date="20210313" Time="094532">CalculateField AltFuels_rounds1-5 PROPANE "Signage Pending" VB #</Process><Process ToolSource="c:\program files (x86)\arcgis\desktop10.7\ArcToolbox\Toolboxes\Data Management Tools.tbx\CalculateField" Date="20210313" Time="094541">CalculateField AltFuels_rounds1-5 LPG_ROUND 5 VB #</Process><Process ToolSource="c:\program files (x86)\arcgis\desktop10.7\ArcToolbox\Toolboxes\Data Management Tools.tbx\CalculateField" Date="20210313" Time="094548">CalculateField AltFuels_rounds1-5 LPG 2 VB #</Process><Process ToolSource="c:\program files (x86)\arcgis\desktop10.7\ArcToolbox\Toolboxes\Data Management Tools.tbx\CalculateField" Date="20210313" Time="101247">CalculateField AltFuels_rounds1-5 STATE "MI" VB #</Process><Process ToolSource="c:\program files (x86)\arcgis\desktop10.7\ArcToolbox\Toolboxes\Data Management Tools.tbx\CalculateField" Date="20210313" Time="105627">CalculateField AltFuels_rounds1-5 ALTFUEL_RO 25 VB #</Process><Process ToolSource="c:\program files (x86)\arcgis\desktop10.7\ArcToolbox\Toolboxes\Data Management Tools.tbx\CalculateField" Date="20210313" Time="113314">CalculateField AltFuels_rounds1-5 EV_ROUND 5 VB #</Process><Process ToolSource="c:\program files (x86)\arcgis\desktop10.7\ArcToolbox\Toolboxes\Data Management Tools.tbx\CalculateField" Date="20210313" Time="113323">CalculateField AltFuels_rounds1-5 EV 2 VB #</Process><Process ToolSource="c:\program files (x86)\arcgis\desktop10.7\ArcToolbox\Toolboxes\Data Management Tools.tbx\CalculateField" Date="20210313" Time="113403">CalculateField AltFuels_rounds1-5 ELECTRICVE "Signage Pending" VB #</Process><Process ToolSource="c:\program files (x86)\arcgis\desktop10.7\ArcToolbox\Toolboxes\Data Management Tools.tbx\CalculateField" Date="20210314" Time="103207">CalculateField AltFuels_rounds1-5 EV_ROUND 5 VB #</Process><Process ToolSource="c:\program files (x86)\arcgis\desktop10.7\ArcToolbox\Toolboxes\Data Management Tools.tbx\CalculateField" Date="20210314" Time="103216">CalculateField AltFuels_rounds1-5 ALTFUEL_RO 25 VB #</Process><Process ToolSource="c:\program files (x86)\arcgis\desktop10.7\ArcToolbox\Toolboxes\Data Management Tools.tbx\CalculateField" Date="20210314" Time="103239">CalculateField AltFuels_rounds1-5 EV 1 VB #</Process><Process ToolSource="c:\program files (x86)\arcgis\desktop10.7\ArcToolbox\Toolboxes\Data Management Tools.tbx\CalculateField" Date="20210314" Time="103254">CalculateField AltFuels_rounds1-5 ELECTRICVE "Signage Ready" VB #</Process><Process ToolSource="c:\program files (x86)\arcgis\desktop10.7\ArcToolbox\Toolboxes\Data Management Tools.tbx\CalculateField" Date="20210314" Time="103440">CalculateField AltFuels_rounds1-5 PROPANE "Signage Ready" VB #</Process><Process ToolSource="c:\program files (x86)\arcgis\desktop10.7\ArcToolbox\Toolboxes\Data Management Tools.tbx\CalculateField" Date="20210314" Time="103448">CalculateField AltFuels_rounds1-5 LPG 1 VB #</Process><Process ToolSource="c:\program files (x86)\arcgis\desktop10.7\ArcToolbox\Toolboxes\Data Management Tools.tbx\CalculateField" Date="20210314" Time="103457">CalculateField AltFuels_rounds1-5 LPG_ROUND 5 VB #</Process><Process ToolSource="c:\program files (x86)\arcgis\desktop10.7\ArcToolbox\Toolboxes\Data Management Tools.tbx\CalculateField" Date="20210314" Time="103614">CalculateField AltFuels_rounds1-5 LPG_ROUND 5 VB #</Process><Process ToolSource="c:\program files (x86)\arcgis\desktop10.7\ArcToolbox\Toolboxes\Data Management Tools.tbx\CalculateField" Date="20210314" Time="103702">CalculateField AltFuels_rounds1-5 HY_ROUND 5 VB #</Process><Process ToolSource="c:\program files (x86)\arcgis\desktop10.7\ArcToolbox\Toolboxes\Data Management Tools.tbx\CalculateField" Date="20210314" Time="103711">CalculateField AltFuels_rounds1-5 HY 2 VB #</Process><Process ToolSource="c:\program files (x86)\arcgis\desktop10.7\ArcToolbox\Toolboxes\Data Management Tools.tbx\CalculateField" Date="20210314" Time="103724">CalculateField AltFuels_rounds1-5 HYDROGEN "Signage Pending" VB #</Process><Process ToolSource="c:\program files (x86)\arcgis\desktop10.7\ArcToolbox\Toolboxes\Data Management Tools.tbx\CalculateField" Date="20210314" Time="103904">CalculateField AltFuels_rounds1-5 HY_ROUND 5 VB #</Process><Process ToolSource="c:\program files (x86)\arcgis\desktop10.7\ArcToolbox\Toolboxes\Data Management Tools.tbx\CalculateField" Date="20210314" Time="103913">CalculateField AltFuels_rounds1-5 HY 2 VB #</Process><Process ToolSource="c:\program files (x86)\arcgis\desktop10.7\ArcToolbox\Toolboxes\Data Management Tools.tbx\CalculateField" Date="20210314" Time="103924">CalculateField AltFuels_rounds1-5 HYDROGEN "Signage Pending" VB #</Process><Process ToolSource="c:\program files (x86)\arcgis\desktop10.7\ArcToolbox\Toolboxes\Data Management Tools.tbx\CalculateField" Date="20210314" Time="103958">CalculateField AltFuels_rounds1-5 LPG_ROUND 5 VB #</Process><Process ToolSource="c:\program files (x86)\arcgis\desktop10.7\ArcToolbox\Toolboxes\Data Management Tools.tbx\CalculateField" Date="20210314" Time="104005">CalculateField AltFuels_rounds1-5 LPG 1 VB #</Process><Process ToolSource="c:\program files (x86)\arcgis\desktop10.7\ArcToolbox\Toolboxes\Data Management Tools.tbx\CalculateField" Date="20210314" Time="104019">CalculateField AltFuels_rounds1-5 PROPANE "Signage Ready" VB #</Process><Process ToolSource="c:\program files (x86)\arcgis\desktop10.7\ArcToolbox\Toolboxes\Data Management Tools.tbx\CalculateField" Date="20210314" Time="104048">CalculateField AltFuels_rounds1-5 COMNATURAL "Signage Ready" VB #</Process><Process ToolSource="c:\program files (x86)\arcgis\desktop10.7\ArcToolbox\Toolboxes\Data Management Tools.tbx\CalculateField" Date="20210314" Time="104055">CalculateField AltFuels_rounds1-5 CNG 1 VB #</Process><Process ToolSource="c:\program files (x86)\arcgis\desktop10.7\ArcToolbox\Toolboxes\Data Management Tools.tbx\CalculateField" Date="20210314" Time="104101">CalculateField AltFuels_rounds1-5 CNG_ROUND 5 VB #</Process><Process ToolSource="c:\program files (x86)\arcgis\desktop10.7\ArcToolbox\Toolboxes\Data Management Tools.tbx\CalculateField" Date="20210314" Time="105028">CalculateField AltFuels_rounds1-5 LPG_ROUND 5 VB #</Process><Process ToolSource="c:\program files (x86)\arcgis\desktop10.7\ArcToolbox\Toolboxes\Data Management Tools.tbx\CalculateField" Date="20210314" Time="105035">CalculateField AltFuels_rounds1-5 LPG 1 VB #</Process><Process ToolSource="c:\program files (x86)\arcgis\desktop10.7\ArcToolbox\Toolboxes\Data Management Tools.tbx\CalculateField" Date="20210314" Time="105051">CalculateField AltFuels_rounds1-5 PROPANE "Signage Ready" VB #</Process><Process ToolSource="c:\program files (x86)\arcgis\desktop10.7\ArcToolbox\Toolboxes\Data Management Tools.tbx\CalculateField" Date="20210314" Time="105151">CalculateField AltFuels_rounds1-5 HY_ROUND 5 VB #</Process><Process ToolSource="c:\program files (x86)\arcgis\desktop10.7\ArcToolbox\Toolboxes\Data Management Tools.tbx\CalculateField" Date="20210314" Time="105157">CalculateField AltFuels_rounds1-5 HY 2 VB #</Process><Process ToolSource="c:\program files (x86)\arcgis\desktop10.7\ArcToolbox\Toolboxes\Data Management Tools.tbx\CalculateField" Date="20210314" Time="105211">CalculateField AltFuels_rounds1-5 HYDROGEN "Signage Pending" VB #</Process><Process ToolSource="c:\program files (x86)\arcgis\desktop10.7\ArcToolbox\Toolboxes\Data Management Tools.tbx\CalculateField" Date="20210314" Time="105255">CalculateField AltFuels_rounds1-5 HYDROGEN "Signage Pending" VB #</Process><Process ToolSource="c:\program files (x86)\arcgis\desktop10.7\ArcToolbox\Toolboxes\Data Management Tools.tbx\CalculateField" Date="20210314" Time="110416">CalculateField AltFuels_rounds1-5 LPG_ROUND 5 VB #</Process><Process ToolSource="c:\program files (x86)\arcgis\desktop10.7\ArcToolbox\Toolboxes\Data Management Tools.tbx\CalculateField" Date="20210314" Time="110426">CalculateField AltFuels_rounds1-5 LPG 2 VB #</Process><Process ToolSource="c:\program files (x86)\arcgis\desktop10.7\ArcToolbox\Toolboxes\Data Management Tools.tbx\CalculateField" Date="20210314" Time="110439">CalculateField AltFuels_rounds1-5 PROPANE "Signage Ready" VB #</Process><Process ToolSource="c:\program files (x86)\arcgis\desktop10.7\ArcToolbox\Toolboxes\Data Management Tools.tbx\CalculateField" Date="20210314" Time="110531">CalculateField AltFuels_rounds1-5 HY_ROUND 5 VB #</Process><Process ToolSource="c:\program files (x86)\arcgis\desktop10.7\ArcToolbox\Toolboxes\Data Management Tools.tbx\CalculateField" Date="20210314" Time="110537">CalculateField AltFuels_rounds1-5 HY 2 VB #</Process><Process ToolSource="c:\program files (x86)\arcgis\desktop10.7\ArcToolbox\Toolboxes\Data Management Tools.tbx\CalculateField" Date="20210314" Time="110549">CalculateField AltFuels_rounds1-5 HYDROGEN "Signage Pending" VB #</Process><Process ToolSource="c:\program files (x86)\arcgis\desktop10.7\ArcToolbox\Toolboxes\Data Management Tools.tbx\CalculateField" Date="20210314" Time="114712">CalculateField AltFuels_rounds1-5 EV 2 VB #</Process><Process ToolSource="c:\program files (x86)\arcgis\desktop10.7\ArcToolbox\Toolboxes\Data Management Tools.tbx\CalculateField" Date="20210314" Time="114724">CalculateField AltFuels_rounds1-5 ELECTRICVE "Signage Pending" VB #</Process><Process ToolSource="c:\program files (x86)\arcgis\desktop10.7\ArcToolbox\Toolboxes\Data Management Tools.tbx\CalculateField" Date="20210314" Time="115614">CalculateField AltFuels_rounds1-5 ALTFUEL_RO 15 VB #</Process><Process ToolSource="c:\program files (x86)\arcgis\desktop10.7\ArcToolbox\Toolboxes\Data Management Tools.tbx\CalculateField" Date="20210314" Time="115624">CalculateField AltFuels_rounds1-5 EV_ROUND 5 VB #</Process><Process ToolSource="c:\program files (x86)\arcgis\desktop10.7\ArcToolbox\Toolboxes\Data Management Tools.tbx\CalculateField" Date="20210314" Time="123759">CalculateField AltFuels_rounds1-5 LOCAL_NAME "I-15" VB #</Process><Process ToolSource="c:\program files (x86)\arcgis\desktop10.7\ArcToolbox\Toolboxes\Data Management Tools.tbx\CalculateField" Date="20210314" Time="123819">CalculateField AltFuels_rounds1-5 ALTFUEL_RO 15 VB #</Process><Process ToolSource="c:\program files (x86)\arcgis\desktop10.7\ArcToolbox\Toolboxes\Data Management Tools.tbx\CalculateField" Date="20210314" Time="130551">CalculateField AltFuels_rounds1-5 ALTFUEL_RO 35 VB #</Process><Process ToolSource="c:\program files (x86)\arcgis\desktop10.7\ArcToolbox\Toolboxes\Data Management Tools.tbx\CalculateField" Date="20210314" Time="130558">CalculateField AltFuels_rounds1-5 EV_ROUND 5 VB #</Process><Process ToolSource="c:\program files (x86)\arcgis\desktop10.7\ArcToolbox\Toolboxes\Data Management Tools.tbx\CalculateField" Date="20210315" Time="080852">CalculateField AltFuels_rounds1-5 ALTFUEL_RO 15 VB #</Process><Process ToolSource="c:\program files (x86)\arcgis\desktop10.7\ArcToolbox\Toolboxes\Data Management Tools.tbx\CalculateField" Date="20210315" Time="080910">CalculateField AltFuels_rounds1-5 HY_ROUND 5 VB #</Process><Process ToolSource="c:\program files (x86)\arcgis\desktop10.7\ArcToolbox\Toolboxes\Data Management Tools.tbx\CalculateField" Date="20210315" Time="100757">CalculateField AltFuels_rounds1-5 ALTFUEL_RO 15 VB #</Process><Process ToolSource="c:\program files (x86)\arcgis\desktop10.7\ArcToolbox\Toolboxes\Data Management Tools.tbx\CalculateField" Date="20210315" Time="100803">CalculateField AltFuels_rounds1-5 EV_ROUND 5 VB #</Process><Process ToolSource="c:\program files (x86)\arcgis\desktop10.7\ArcToolbox\Toolboxes\Data Management Tools.tbx\CalculateField" Date="20210315" Time="101133">CalculateField AltFuels_rounds1-5 ALTFUEL_RO 25 VB #</Process><Process ToolSource="c:\program files (x86)\arcgis\desktop10.7\ArcToolbox\Toolboxes\Data Management Tools.tbx\CalculateField" Date="20210315" Time="101140">CalculateField AltFuels_rounds1-5 EV_ROUND 5 VB #</Process><Process ToolSource="c:\program files (x86)\arcgis\desktop10.7\ArcToolbox\Toolboxes\Data Management Tools.tbx\CalculateField" Date="20210315" Time="101238">CalculateField AltFuels_rounds1-5 EV_ROUND 5 VB #</Process><Process ToolSource="c:\program files (x86)\arcgis\desktop10.7\ArcToolbox\Toolboxes\Data Management Tools.tbx\CalculateField" Date="20210315" Time="101245">CalculateField AltFuels_rounds1-5 ALTFUEL_RO 25 VB #</Process><Process ToolSource="c:\program files (x86)\arcgis\desktop10.7\ArcToolbox\Toolboxes\Data Management Tools.tbx\CalculateField" Date="20210315" Time="101503">CalculateField AltFuels_rounds1-5 ALTFUEL_RO 15 VB #</Process><Process ToolSource="c:\program files (x86)\arcgis\desktop10.7\ArcToolbox\Toolboxes\Data Management Tools.tbx\CalculateField" Date="20210315" Time="101520">CalculateField AltFuels_rounds1-5 CNG_ROUND 5 VB #</Process><Process ToolSource="c:\program files (x86)\arcgis\desktop10.7\ArcToolbox\Toolboxes\Data Management Tools.tbx\CalculateField" Date="20210315" Time="101527">CalculateField AltFuels_rounds1-5 CNG 1 VB #</Process><Process ToolSource="c:\program files (x86)\arcgis\desktop10.7\ArcToolbox\Toolboxes\Data Management Tools.tbx\CalculateField" Date="20210315" Time="101544">CalculateField AltFuels_rounds1-5 COMNATURAL "Signage Ready" VB #</Process><Process ToolSource="c:\program files (x86)\arcgis\desktop10.7\ArcToolbox\Toolboxes\Data Management Tools.tbx\CalculateField" Date="20210315" Time="101832">CalculateField AltFuels_rounds1-5 ALTFUEL_RO 15 VB #</Process><Process ToolSource="c:\program files (x86)\arcgis\desktop10.7\ArcToolbox\Toolboxes\Data Management Tools.tbx\CalculateField" Date="20210315" Time="101847">CalculateField AltFuels_rounds1-5 ALTFUEL_RO 135 VB #</Process><Process ToolSource="c:\program files (x86)\arcgis\desktop10.7\ArcToolbox\Toolboxes\Data Management Tools.tbx\CalculateField" Date="20210315" Time="101925">CalculateField AltFuels_rounds1-5 CNG_ROUND 5 VB #</Process><Process ToolSource="c:\program files (x86)\arcgis\desktop10.7\ArcToolbox\Toolboxes\Data Management Tools.tbx\CalculateField" Date="20210315" Time="101932">CalculateField AltFuels_rounds1-5 CNG 1 VB #</Process><Process ToolSource="c:\program files (x86)\arcgis\desktop10.7\ArcToolbox\Toolboxes\Data Management Tools.tbx\CalculateField" Date="20210315" Time="101943">CalculateField AltFuels_rounds1-5 COMNATURAL "Signage Ready" VB #</Process><Process ToolSource="c:\program files (x86)\arcgis\desktop10.7\ArcToolbox\Toolboxes\Data Management Tools.tbx\CalculateField" Date="20210315" Time="102158">CalculateField AltFuels_rounds1-5 PRIMARY_NA "I80" VB #</Process><Process ToolSource="c:\program files (x86)\arcgis\desktop10.7\ArcToolbox\Toolboxes\Data Management Tools.tbx\CalculateField" Date="20210315" Time="102355">CalculateField AltFuels_rounds1-5 ALTFUEL_RO 25 VB #</Process><Process ToolSource="c:\program files (x86)\arcgis\desktop10.7\ArcToolbox\Toolboxes\Data Management Tools.tbx\CalculateField" Date="20210315" Time="102410">CalculateField AltFuels_rounds1-5 CNG_ROUND 5 VB #</Process><Process ToolSource="c:\program files (x86)\arcgis\desktop10.7\ArcToolbox\Toolboxes\Data Management Tools.tbx\CalculateField" Date="20210315" Time="102417">CalculateField AltFuels_rounds1-5 CNG 1 VB #</Process><Process ToolSource="c:\program files (x86)\arcgis\desktop10.7\ArcToolbox\Toolboxes\Data Management Tools.tbx\CalculateField" Date="20210315" Time="102431">CalculateField AltFuels_rounds1-5 COMNATURAL "Signage Ready" VB #</Process><Process ToolSource="c:\program files (x86)\arcgis\desktop10.7\ArcToolbox\Toolboxes\Data Management Tools.tbx\CalculateField" Date="20210315" Time="102527">CalculateField AltFuels_rounds1-5 CNG_ROUND 5 VB #</Process><Process ToolSource="c:\program files (x86)\arcgis\desktop10.7\ArcToolbox\Toolboxes\Data Management Tools.tbx\CalculateField" Date="20210315" Time="102641">CalculateField AltFuels_rounds1-5 ALTFUEL_RO 15 VB #</Process><Process ToolSource="c:\program files (x86)\arcgis\desktop10.7\ArcToolbox\Toolboxes\Data Management Tools.tbx\CalculateField" Date="20210315" Time="102656">CalculateField AltFuels_rounds1-5 HY_ROUND 5 VB #</Process><Process ToolSource="c:\program files (x86)\arcgis\desktop10.7\ArcToolbox\Toolboxes\Data Management Tools.tbx\CalculateField" Date="20210315" Time="102703">CalculateField AltFuels_rounds1-5 HY 1 VB #</Process><Process ToolSource="c:\program files (x86)\arcgis\desktop10.7\ArcToolbox\Toolboxes\Data Management Tools.tbx\CalculateField" Date="20210315" Time="102713">CalculateField AltFuels_rounds1-5 HYDROGEN "Signage Ready" VB #</Process><Process ToolSource="c:\program files (x86)\arcgis\desktop10.7\ArcToolbox\Toolboxes\Data Management Tools.tbx\CalculateField" Date="20210315" Time="105802">CalculateField AltFuels_rounds1-5 LPG_ROUND 5 VB #</Process><Process ToolSource="c:\program files (x86)\arcgis\desktop10.7\ArcToolbox\Toolboxes\Data Management Tools.tbx\CalculateField" Date="20210315" Time="105811">CalculateField AltFuels_rounds1-5 LPG 1 VB #</Process><Process ToolSource="c:\program files (x86)\arcgis\desktop10.7\ArcToolbox\Toolboxes\Data Management Tools.tbx\CalculateField" Date="20210315" Time="105827">CalculateField AltFuels_rounds1-5 PROPANE "Signage Ready" VB #</Process><Process ToolSource="c:\program files (x86)\arcgis\desktop10.7\ArcToolbox\Toolboxes\Data Management Tools.tbx\CalculateField" Date="20210315" Time="105916">CalculateField AltFuels_rounds1-5 ALTFUEL_RO 25 VB #</Process><Process ToolSource="c:\program files (x86)\arcgis\desktop10.7\ArcToolbox\Toolboxes\Data Management Tools.tbx\CalculateField" Date="20210315" Time="105926">CalculateField AltFuels_rounds1-5 ALTFUEL_RO 125 VB #</Process><Process ToolSource="c:\program files (x86)\arcgis\desktop10.7\ArcToolbox\Toolboxes\Data Management Tools.tbx\CalculateField" Date="20210315" Time="110335">CalculateField AltFuels_rounds1-5 LPG_ROUND 5 VB #</Process><Process ToolSource="c:\program files (x86)\arcgis\desktop10.7\ArcToolbox\Toolboxes\Data Management Tools.tbx\CalculateField" Date="20210315" Time="110345">CalculateField AltFuels_rounds1-5 LPG 1 VB #</Process><Process ToolSource="c:\program files (x86)\arcgis\desktop10.7\ArcToolbox\Toolboxes\Data Management Tools.tbx\CalculateField" Date="20210315" Time="110358">CalculateField AltFuels_rounds1-5 PROPANE "Signage Ready" VB #</Process><Process ToolSource="c:\program files (x86)\arcgis\desktop10.7\ArcToolbox\Toolboxes\Data Management Tools.tbx\CalculateField" Date="20210315" Time="110815">CalculateField AltFuels_rounds1-5 PROPANE "Signage Ready" VB #</Process><Process ToolSource="c:\program files (x86)\arcgis\desktop10.7\ArcToolbox\Toolboxes\Data Management Tools.tbx\CalculateField" Date="20210315" Time="110822">CalculateField AltFuels_rounds1-5 LPG 1 VB #</Process><Process ToolSource="c:\program files (x86)\arcgis\desktop10.7\ArcToolbox\Toolboxes\Data Management Tools.tbx\CalculateField" Date="20210315" Time="110828">CalculateField AltFuels_rounds1-5 LPG_ROUND 5 VB #</Process><Process ToolSource="c:\program files (x86)\arcgis\desktop10.7\ArcToolbox\Toolboxes\Data Management Tools.tbx\CalculateField" Date="20210315" Time="110841">CalculateField AltFuels_rounds1-5 ALTFUEL_RO 45 VB #</Process><Process ToolSource="c:\program files (x86)\arcgis\desktop10.7\ArcToolbox\Toolboxes\Data Management Tools.tbx\CalculateField" Date="20210315" Time="110916">CalculateField AltFuels_rounds1-5 ALTFUEL_RO 25 VB #</Process><Process ToolSource="c:\program files (x86)\arcgis\desktop10.7\ArcToolbox\Toolboxes\Data Management Tools.tbx\CalculateField" Date="20210315" Time="110926">CalculateField AltFuels_rounds1-5 LPG_ROUND 5 VB #</Process><Process ToolSource="c:\program files (x86)\arcgis\desktop10.7\ArcToolbox\Toolboxes\Data Management Tools.tbx\CalculateField" Date="20210315" Time="110935">CalculateField AltFuels_rounds1-5 LPG 1 VB #</Process><Process ToolSource="c:\program files (x86)\arcgis\desktop10.7\ArcToolbox\Toolboxes\Data Management Tools.tbx\CalculateField" Date="20210315" Time="110949">CalculateField AltFuels_rounds1-5 PROPANE "Signage Ready" VB #</Process><Process ToolSource="c:\program files (x86)\arcgis\desktop10.7\ArcToolbox\Toolboxes\Data Management Tools.tbx\CalculateField" Date="20210315" Time="111040">CalculateField AltFuels_rounds1-5 LNG_ROUND 5 VB #</Process><Process ToolSource="c:\program files (x86)\arcgis\desktop10.7\ArcToolbox\Toolboxes\Data Management Tools.tbx\CalculateField" Date="20210315" Time="111045">CalculateField AltFuels_rounds1-5 LNG 2 VB #</Process><Process ToolSource="c:\program files (x86)\arcgis\desktop10.7\ArcToolbox\Toolboxes\Data Management Tools.tbx\CalculateField" Date="20210315" Time="115304">CalculateField AltFuels_rounds1-5 CNG_ROUND 5 VB #</Process><Process ToolSource="c:\program files (x86)\arcgis\desktop10.7\ArcToolbox\Toolboxes\Data Management Tools.tbx\CalculateField" Date="20210315" Time="120521">CalculateField AltFuels_rounds1-5 EV_ROUND 5 VB #</Process><Process ToolSource="c:\program files (x86)\arcgis\desktop10.7\ArcToolbox\Toolboxes\Data Management Tools.tbx\CalculateField" Date="20210315" Time="120820">CalculateField AltFuels_rounds1-5 CNG_ROUND 5 VB #</Process><Process ToolSource="c:\program files (x86)\arcgis\desktop10.7\ArcToolbox\Toolboxes\Data Management Tools.tbx\CalculateField" Date="20210315" Time="120829">CalculateField AltFuels_rounds1-5 CNG 2 VB #</Process><Process ToolSource="c:\program files (x86)\arcgis\desktop10.7\ArcToolbox\Toolboxes\Data Management Tools.tbx\CalculateField" Date="20210315" Time="150942">CalculateField AltFuels_rounds1-5 PRIMARY_NA "U61" VB #</Process><Process ToolSource="c:\program files (x86)\arcgis\desktop10.7\ArcToolbox\Toolboxes\Data Management Tools.tbx\CalculateField" Date="20210315" Time="152619">CalculateField AltFuels_rounds1-5 ALTFUEL_RO 25 VB #</Process><Process ToolSource="c:\program files (x86)\arcgis\desktop10.7\ArcToolbox\Toolboxes\Data Management Tools.tbx\CalculateField" Date="20210315" Time="152626">CalculateField AltFuels_rounds1-5 EV_ROUND 25 VB #</Process><Process ToolSource="c:\program files (x86)\arcgis\desktop10.7\ArcToolbox\Toolboxes\Data Management Tools.tbx\CalculateField" Date="20210315" Time="152635">CalculateField AltFuels_rounds1-5 EV_ROUND 5 VB #</Process><Process ToolSource="c:\program files (x86)\arcgis\desktop10.7\ArcToolbox\Toolboxes\Data Management Tools.tbx\CalculateField" Date="20210315" Time="153041">CalculateField AltFuels_rounds1-5 EV 1 VB #</Process><Process ToolSource="c:\program files (x86)\arcgis\desktop10.7\ArcToolbox\Toolboxes\Data Management Tools.tbx\CalculateField" Date="20210315" Time="153056">CalculateField AltFuels_rounds1-5 ELECTRICVE "Signage Ready" VB #</Process><Process ToolSource="c:\program files (x86)\arcgis\desktop10.7\ArcToolbox\Toolboxes\Data Management Tools.tbx\CalculateField" Date="20210316" Time="151047">CalculateField AltFuels_rounds1-5 CNG_ROUND 5 VB #</Process><Process ToolSource="c:\program files (x86)\arcgis\desktop10.7\ArcToolbox\Toolboxes\Data Management Tools.tbx\CalculateField" Date="20210316" Time="151104">CalculateField AltFuels_rounds1-5 CNG 1 VB #</Process><Process ToolSource="c:\program files (x86)\arcgis\desktop10.7\ArcToolbox\Toolboxes\Data Management Tools.tbx\CalculateField" Date="20210316" Time="151122">CalculateField AltFuels_rounds1-5 COMNATURAL "Signage Ready" VB #</Process><Process ToolSource="c:\program files (x86)\arcgis\desktop10.7\ArcToolbox\Toolboxes\Data Management Tools.tbx\CalculateField" Date="20210316" Time="165827">CalculateField AltFuels_rounds1-5 LPG 1 VB #</Process><Process ToolSource="c:\program files (x86)\arcgis\desktop10.7\ArcToolbox\Toolboxes\Data Management Tools.tbx\CalculateField" Date="20210317" Time="145539">CalculateField AltFuels_rounds1-5 LPG_ROUND 5 VB #</Process><Process ToolSource="c:\program files (x86)\arcgis\desktop10.7\ArcToolbox\Toolboxes\Data Management Tools.tbx\CalculateField" Date="20210317" Time="145545">CalculateField AltFuels_rounds1-5 LPG 1 VB #</Process><Process ToolSource="c:\program files (x86)\arcgis\desktop10.7\ArcToolbox\Toolboxes\Data Management Tools.tbx\CalculateField" Date="20210317" Time="145602">CalculateField AltFuels_rounds1-5 PROPANE "Signage Ready" VB #</Process><Process ToolSource="c:\program files (x86)\arcgis\desktop10.8\ArcToolbox\Toolboxes\Data Management Tools.tbx\CalculateField" Date="20210325" Time="142630">CalculateField AltFuels_rounds1-5 STATE "TN" VB #</Process><Process ToolSource="c:\program files (x86)\arcgis\desktop10.8\ArcToolbox\Toolboxes\Data Management Tools.tbx\CalculateField" Date="20210525" Time="104945">CalculateField AltFuels_rounds1-5 LPG 1 VB #</Process><Process ToolSource="c:\program files (x86)\arcgis\desktop10.8\ArcToolbox\Toolboxes\Data Management Tools.tbx\CalculateField" Date="20220529" Time="103648">CalculateField AltFuels_rounds1-6_draft EV 2 VB #</Process><Process ToolSource="c:\program files (x86)\arcgis\desktop10.8\ArcToolbox\Toolboxes\Data Management Tools.tbx\CalculateField" Date="20220529" Time="103725">CalculateField AltFuels_rounds1-6_draft ELECTRICVE "Signage Pending" VB #</Process><Process ToolSource="c:\program files (x86)\arcgis\desktop10.8\ArcToolbox\Toolboxes\Data Management Tools.tbx\CalculateField" Date="20220529" Time="103939">CalculateField AltFuels_rounds1-6_draft HYDROGEN "Signage Pending" VB #</Process><Process ToolSource="c:\program files (x86)\arcgis\desktop10.8\ArcToolbox\Toolboxes\Data Management Tools.tbx\CalculateField" Date="20220529" Time="104336">CalculateField AltFuels_rounds1-6_draft HYDROGEN "Signage Pending" VB #</Process><Process ToolSource="c:\program files (x86)\arcgis\desktop10.8\ArcToolbox\Toolboxes\Data Management Tools.tbx\CalculateField" Date="20220529" Time="104402">CalculateField AltFuels_rounds1-6_draft ELECTRICVE "Signage Pending" VB #</Process><Process ToolSource="c:\program files (x86)\arcgis\desktop10.8\ArcToolbox\Toolboxes\Data Management Tools.tbx\CalculateField" Date="20220529" Time="104423">CalculateField AltFuels_rounds1-6_draft HY 2 VB #</Process><Process ToolSource="c:\program files (x86)\arcgis\desktop10.8\ArcToolbox\Toolboxes\Data Management Tools.tbx\CalculateField" Date="20220529" Time="104439">CalculateField AltFuels_rounds1-6_draft EV 2 VB #</Process><Process ToolSource="c:\program files (x86)\arcgis\desktop10.8\ArcToolbox\Toolboxes\Data Management Tools.tbx\CalculateField" Date="20220529" Time="104503">CalculateField AltFuels_rounds1-6_draft EV_ROUND 6 VB #</Process><Process ToolSource="c:\program files (x86)\arcgis\desktop10.8\ArcToolbox\Toolboxes\Data Management Tools.tbx\CalculateField" Date="20220529" Time="104519">CalculateField AltFuels_rounds1-6_draft HY_ROUND 6 VB #</Process><Process ToolSource="c:\program files (x86)\arcgis\desktop10.8\ArcToolbox\Toolboxes\Data Management Tools.tbx\CalculateField" Date="20220529" Time="104715">CalculateField AltFuels_rounds1-6_draft NUMBER "[AFC_NUMBER] " VB #</Process><Process ToolSource="c:\program files (x86)\arcgis\desktop10.8\ArcToolbox\Toolboxes\Data Management Tools.tbx\CalculateField" Date="20220529" Time="104745">CalculateField AltFuels_rounds1-6_draft STATE "LA" VB #</Process><Process ToolSource="c:\program files (x86)\arcgis\desktop10.8\ArcToolbox\Toolboxes\Data Management Tools.tbx\CalculateField" Date="20220529" Time="104802">CalculateField AltFuels_rounds1-6_draft CCSTYLE 3 VB #</Process><Process ToolSource="c:\program files (x86)\arcgis\desktop10.8\ArcToolbox\Toolboxes\Data Management Tools.tbx\CalculateField" Date="20220529" Time="104819">CalculateField AltFuels_rounds1-6_draft ALTFUEL_RO 6 VB #</Process><Process ToolSource="c:\program files (x86)\arcgis\desktop10.8\ArcToolbox\Toolboxes\Data Management Tools.tbx\CalculateField" Date="20220531" Time="124014">CalculateField AltFuels_rounds1-6_draft AFC_NUMBER 22 VB #</Process><Process ToolSource="c:\program files (x86)\arcgis\desktop10.8\ArcToolbox\Toolboxes\Data Management Tools.tbx\CalculateField" Date="20220531" Time="124115">CalculateField AltFuels_rounds1-6_draft ROADTYPE "I" VB #</Process><Process ToolSource="c:\program files (x86)\arcgis\desktop10.8\ArcToolbox\Toolboxes\Data Management Tools.tbx\CalculateField" Date="20220531" Time="124232">CalculateField AltFuels_rounds1-6_draft NUMBER [AFC_NUMBER] VB #</Process><Process ToolSource="c:\program files (x86)\arcgis\desktop10.8\ArcToolbox\Toolboxes\Data Management Tools.tbx\CalculateField" Date="20220531" Time="124245">CalculateField AltFuels_rounds1-6_draft CCSTYLE 1 VB #</Process><Process ToolSource="c:\program files (x86)\arcgis\desktop10.8\ArcToolbox\Toolboxes\Data Management Tools.tbx\CalculateField" Date="20220531" Time="124300">CalculateField AltFuels_rounds1-6_draft ALTFUEL_RO 6 VB #</Process><Process ToolSource="c:\program files (x86)\arcgis\desktop10.8\ArcToolbox\Toolboxes\Data Management Tools.tbx\CalculateField" Date="20220531" Time="124311">CalculateField AltFuels_rounds1-6_draft EV_ROUND 6 VB #</Process><Process ToolSource="c:\program files (x86)\arcgis\desktop10.8\ArcToolbox\Toolboxes\Data Management Tools.tbx\CalculateField" Date="20220531" Time="124324">CalculateField AltFuels_rounds1-6_draft EV 2 VB #</Process><Process ToolSource="c:\program files (x86)\arcgis\desktop10.8\ArcToolbox\Toolboxes\Data Management Tools.tbx\CalculateField" Date="20220531" Time="124343">CalculateField AltFuels_rounds1-6_draft ELECTRICVE "Signage Pending" VB #</Process><Process ToolSource="c:\program files (x86)\arcgis\desktop10.8\ArcToolbox\Toolboxes\Data Management Tools.tbx\CalculateField" Date="20220531" Time="133919">CalculateField AltFuels_rounds1-6_draft LPG_ROUND 6 VB #</Process><Process ToolSource="c:\program files (x86)\arcgis\desktop10.8\ArcToolbox\Toolboxes\Data Management Tools.tbx\CalculateField" Date="20220531" Time="133933">CalculateField AltFuels_rounds1-6_draft LPG 1 VB #</Process><Process ToolSource="c:\program files (x86)\arcgis\desktop10.8\ArcToolbox\Toolboxes\Data Management Tools.tbx\CalculateField" Date="20220531" Time="133951">CalculateField AltFuels_rounds1-6_draft PROPANE "Signage Ready" VB #</Process><Process ToolSource="c:\program files (x86)\arcgis\desktop10.8\ArcToolbox\Toolboxes\Data Management Tools.tbx\CalculateField" Date="20220531" Time="152450">CalculateField AltFuels_rounds1-6_draft ALTFUEL_RO 6 VB #</Process><Process ToolSource="c:\program files (x86)\arcgis\desktop10.8\ArcToolbox\Toolboxes\Data Management Tools.tbx\CalculateField" Date="20220531" Time="152457">CalculateField AltFuels_rounds1-6_draft EV_ROUND 6 VB #</Process><Process ToolSource="c:\program files (x86)\arcgis\desktop10.8\ArcToolbox\Toolboxes\Data Management Tools.tbx\CalculateField" Date="20220531" Time="152506">CalculateField AltFuels_rounds1-6_draft EV 2 VB #</Process><Process ToolSource="c:\program files (x86)\arcgis\desktop10.8\ArcToolbox\Toolboxes\Data Management Tools.tbx\CalculateField" Date="20220531" Time="152523">CalculateField AltFuels_rounds1-6_draft ELECTRICVE "Signage Pending" VB #</Process><Process ToolSource="c:\program files (x86)\arcgis\desktop10.8\ArcToolbox\Toolboxes\Data Management Tools.tbx\CalculateField" Date="20220531" Time="152539">CalculateField AltFuels_rounds1-6_draft CCSTYLE 1 VB #</Process><Process ToolSource="c:\program files (x86)\arcgis\desktop10.8\ArcToolbox\Toolboxes\Data Management Tools.tbx\CalculateField" Date="20220531" Time="152917">CalculateField AltFuels_rounds1-6_draft STATE "PR" VB #</Process><Process ToolSource="c:\program files (x86)\arcgis\desktop10.8\ArcToolbox\Toolboxes\Data Management Tools.tbx\CalculateField" Date="20220531" Time="155440">CalculateField AltFuels_rounds1-6_draft ALTFUEL_RO 16 VB #</Process><Process ToolSource="c:\program files (x86)\arcgis\desktop10.8\ArcToolbox\Toolboxes\Data Management Tools.tbx\CalculateField" Date="20220531" Time="155501">CalculateField AltFuels_rounds1-6_draft HY_ROUND 6 VB #</Process><Process ToolSource="c:\program files (x86)\arcgis\desktop10.8\ArcToolbox\Toolboxes\Data Management Tools.tbx\CalculateField" Date="20220531" Time="155514">CalculateField AltFuels_rounds1-6_draft HY 2 VB #</Process><Process ToolSource="c:\program files (x86)\arcgis\desktop10.8\ArcToolbox\Toolboxes\Data Management Tools.tbx\CalculateField" Date="20220531" Time="155532">CalculateField AltFuels_rounds1-6_draft HYDROGEN "Signage Pending" VB #</Process><Process ToolSource="c:\program files (x86)\arcgis\desktop10.8\ArcToolbox\Toolboxes\Data Management Tools.tbx\CalculateField" Date="20220531" Time="161007">CalculateField AltFuels_rounds1-6_draft ROADTYPE "I" VB #</Process><Process ToolSource="c:\program files (x86)\arcgis\desktop10.8\ArcToolbox\Toolboxes\Data Management Tools.tbx\CalculateField" Date="20220531" Time="161211">CalculateField AltFuels_rounds1-6_draft STATE "SD" VB #</Process><Process ToolSource="c:\program files (x86)\arcgis\desktop10.8\ArcToolbox\Toolboxes\Data Management Tools.tbx\CalculateField" Date="20220531" Time="161221">CalculateField AltFuels_rounds1-6_draft CCSTYLE 1 VB #</Process><Process ToolSource="c:\program files (x86)\arcgis\desktop10.8\ArcToolbox\Toolboxes\Data Management Tools.tbx\CalculateField" Date="20220531" Time="161227">CalculateField AltFuels_rounds1-6_draft ALTFUEL_RO 6 VB #</Process><Process ToolSource="c:\program files (x86)\arcgis\desktop10.8\ArcToolbox\Toolboxes\Data Management Tools.tbx\CalculateField" Date="20220531" Time="161235">CalculateField AltFuels_rounds1-6_draft EV_ROUND 6 VB #</Process><Process ToolSource="c:\program files (x86)\arcgis\desktop10.8\ArcToolbox\Toolboxes\Data Management Tools.tbx\CalculateField" Date="20220531" Time="161242">CalculateField AltFuels_rounds1-6_draft EV 2 VB #</Process><Process ToolSource="c:\program files (x86)\arcgis\desktop10.8\ArcToolbox\Toolboxes\Data Management Tools.tbx\CalculateField" Date="20220531" Time="161254">CalculateField AltFuels_rounds1-6_draft ELECTRICVE "Signage Pending" VB #</Process><Process ToolSource="c:\program files (x86)\arcgis\desktop10.8\ArcToolbox\Toolboxes\Data Management Tools.tbx\CalculateField" Date="20220610" Time="113619">CalculateField AltFuels_rounds1-6_draft HY_ROUND 0 VB #</Process><Process ToolSource="c:\program files (x86)\arcgis\desktop10.8\ArcToolbox\Toolboxes\Data Management Tools.tbx\CalculateField" Date="20220610" Time="113632">CalculateField AltFuels_rounds1-6_draft HY 0 VB #</Process><Process ToolSource="c:\program files (x86)\arcgis\desktop10.8\ArcToolbox\Toolboxes\Data Management Tools.tbx\CalculateField" Date="20220610" Time="113705">CalculateField AltFuels_rounds1-6_draft HYDROGEN "" VB #</Process><Process ToolSource="c:\program files (x86)\arcgis\desktop10.8\ArcToolbox\Toolboxes\Data Management Tools.tbx\CalculateField" Date="20220612" Time="175924">CalculateField AltFuels_rounds1-6_draft AFC_NUMBER 1 VB #</Process><Process ToolSource="c:\program files (x86)\arcgis\desktop10.8\ArcToolbox\Toolboxes\Data Management Tools.tbx\CalculateField" Date="20220612" Time="175938">CalculateField AltFuels_rounds1-6_draft ROADTYPE "U" VB #</Process><Process ToolSource="c:\program files (x86)\arcgis\desktop10.8\ArcToolbox\Toolboxes\Data Management Tools.tbx\CalculateField" Date="20220612" Time="175957">CalculateField AltFuels_rounds1-6_draft NUMBER 1 VB #</Process><Process ToolSource="c:\program files (x86)\arcgis\desktop10.8\ArcToolbox\Toolboxes\Data Management Tools.tbx\CalculateField" Date="20220612" Time="180013">CalculateField AltFuels_rounds1-6_draft PRIMARY_NA "U1" VB #</Process><Process ToolSource="c:\program files (x86)\arcgis\desktop10.8\ArcToolbox\Toolboxes\Data Management Tools.tbx\CalculateField" Date="20220612" Time="180032">CalculateField AltFuels_rounds1-6_draft STATE "FL" VB #</Process><Process ToolSource="c:\program files (x86)\arcgis\desktop10.8\ArcToolbox\Toolboxes\Data Management Tools.tbx\CalculateField" Date="20220612" Time="180045">CalculateField AltFuels_rounds1-6_draft CCSTYLE 3 VB #</Process><Process ToolSource="c:\program files (x86)\arcgis\desktop10.8\ArcToolbox\Toolboxes\Data Management Tools.tbx\CalculateField" Date="20220612" Time="180058">CalculateField AltFuels_rounds1-6_draft ALTFUEL_RO 6 VB #</Process><Process ToolSource="c:\program files (x86)\arcgis\desktop10.8\ArcToolbox\Toolboxes\Data Management Tools.tbx\CalculateField" Date="20220612" Time="180109">CalculateField AltFuels_rounds1-6_draft EV_ROUND 6 VB #</Process><Process ToolSource="c:\program files (x86)\arcgis\desktop10.8\ArcToolbox\Toolboxes\Data Management Tools.tbx\CalculateField" Date="20220612" Time="180122">CalculateField AltFuels_rounds1-6_draft EV 2 VB #</Process><Process ToolSource="c:\program files (x86)\arcgis\desktop10.8\ArcToolbox\Toolboxes\Data Management Tools.tbx\CalculateField" Date="20220612" Time="180142">CalculateField AltFuels_rounds1-6_draft ELECTRICVE "Signage Pending" VB #</Process><Process ToolSource="c:\program files (x86)\arcgis\desktop10.8\ArcToolbox\Toolboxes\Data Management Tools.tbx\CalculateField" Date="20220612" Time="180925">CalculateField AltFuels_rounds1-6_draft AFC_NUMBER 441 VB #</Process><Process ToolSource="c:\program files (x86)\arcgis\desktop10.8\ArcToolbox\Toolboxes\Data Management Tools.tbx\CalculateField" Date="20220612" Time="180938">CalculateField AltFuels_rounds1-6_draft ROADTYPE "U" VB #</Process><Process ToolSource="c:\program files (x86)\arcgis\desktop10.8\ArcToolbox\Toolboxes\Data Management Tools.tbx\CalculateField" Date="20220612" Time="180955">CalculateField AltFuels_rounds1-6_draft NUMBER 441 VB #</Process><Process ToolSource="c:\program files (x86)\arcgis\desktop10.8\ArcToolbox\Toolboxes\Data Management Tools.tbx\CalculateField" Date="20220612" Time="181008">CalculateField AltFuels_rounds1-6_draft PRIMARY_NA "U441" VB #</Process><Process ToolSource="c:\program files (x86)\arcgis\desktop10.8\ArcToolbox\Toolboxes\Data Management Tools.tbx\CalculateField" Date="20220612" Time="181022">CalculateField AltFuels_rounds1-6_draft STATE "FL" VB #</Process><Process ToolSource="c:\program files (x86)\arcgis\desktop10.8\ArcToolbox\Toolboxes\Data Management Tools.tbx\CalculateField" Date="20220612" Time="181034">CalculateField AltFuels_rounds1-6_draft CCSTYLE 3 VB #</Process><Process ToolSource="c:\program files (x86)\arcgis\desktop10.8\ArcToolbox\Toolboxes\Data Management Tools.tbx\CalculateField" Date="20220612" Time="181045">CalculateField AltFuels_rounds1-6_draft ALTFUEL_RO 6 VB #</Process><Process ToolSource="c:\program files (x86)\arcgis\desktop10.8\ArcToolbox\Toolboxes\Data Management Tools.tbx\CalculateField" Date="20220612" Time="181058">CalculateField AltFuels_rounds1-6_draft EV_ROUND 6 VB #</Process><Process ToolSource="c:\program files (x86)\arcgis\desktop10.8\ArcToolbox\Toolboxes\Data Management Tools.tbx\CalculateField" Date="20220612" Time="181111">CalculateField AltFuels_rounds1-6_draft EV 2 VB #</Process><Process ToolSource="c:\program files (x86)\arcgis\desktop10.8\ArcToolbox\Toolboxes\Data Management Tools.tbx\CalculateField" Date="20220612" Time="181130">CalculateField AltFuels_rounds1-6_draft ELECTRICVE "Signage Pending" VB #</Process><Process ToolSource="c:\program files (x86)\arcgis\desktop10.8\ArcToolbox\Toolboxes\Data Management Tools.tbx\CalculateField" Date="20220614" Time="112034">CalculateField AltFuels_rounds1-6_draft HY_ROUND 6 VB #</Process><Process ToolSource="c:\program files (x86)\arcgis\desktop10.8\ArcToolbox\Toolboxes\Data Management Tools.tbx\CalculateField" Date="20220614" Time="112056">CalculateField AltFuels_rounds1-6_draft HY 2 VB #</Process><Process ToolSource="c:\program files (x86)\arcgis\desktop10.8\ArcToolbox\Toolboxes\Data Management Tools.tbx\CalculateField" Date="20220614" Time="112123">CalculateField AltFuels_rounds1-6_draft HYDROGEN "Signage Pending" VB #</Process><Process ToolSource="c:\program files (x86)\arcgis\desktop10.8\ArcToolbox\Toolboxes\Data Management Tools.tbx\CalculateField" Date="20220614" Time="112649">CalculateField AltFuels_rounds1-6_draft ALTFUEL_RO 26 VB #</Process><Process ToolSource="c:\program files (x86)\arcgis\desktop10.8\ArcToolbox\Toolboxes\Data Management Tools.tbx\CalculateField" Date="20220614" Time="144018">CalculateField AltFuels_rounds1-6_draft ALTFUEL_RO 26 VB #</Process><Process ToolSource="c:\program files (x86)\arcgis\desktop10.8\ArcToolbox\Toolboxes\Data Management Tools.tbx\CalculateField" Date="20220614" Time="144026">CalculateField AltFuels_rounds1-6_draft EV_ROUND 6 VB #</Process><Process ToolSource="c:\program files (x86)\arcgis\desktop10.8\ArcToolbox\Toolboxes\Data Management Tools.tbx\CalculateField" Date="20220614" Time="144034">CalculateField AltFuels_rounds1-6_draft EV 2 VB #</Process><Process ToolSource="c:\program files (x86)\arcgis\desktop10.8\ArcToolbox\Toolboxes\Data Management Tools.tbx\CalculateField" Date="20220614" Time="144045">CalculateField AltFuels_rounds1-6_draft ELECTRICVE "Signage Pending" VB #</Process><Process ToolSource="c:\program files (x86)\arcgis\desktop10.8\ArcToolbox\Toolboxes\Data Management Tools.tbx\CalculateField" Date="20220614" Time="144111">CalculateField AltFuels_rounds1-6_draft HYDROGEN "Signage Pending" VB #</Process><Process ToolSource="c:\program files (x86)\arcgis\desktop10.8\ArcToolbox\Toolboxes\Data Management Tools.tbx\CalculateField" Date="20220614" Time="144119">CalculateField AltFuels_rounds1-6_draft HY 2 VB #</Process><Process ToolSource="c:\program files (x86)\arcgis\desktop10.8\ArcToolbox\Toolboxes\Data Management Tools.tbx\CalculateField" Date="20220614" Time="144126">CalculateField AltFuels_rounds1-6_draft HY_ROUND 6 VB #</Process><Process ToolSource="c:\program files (x86)\arcgis\desktop10.8\ArcToolbox\Toolboxes\Data Management Tools.tbx\CalculateField" Date="20220615" Time="114225">CalculateField AltFuels_rounds1-6_draft LNG_ROUND 6 VB #</Process><Process ToolSource="c:\program files (x86)\arcgis\desktop10.8\ArcToolbox\Toolboxes\Data Management Tools.tbx\CalculateField" Date="20220615" Time="114231">CalculateField AltFuels_rounds1-6_draft LNG 2 VB #</Process><Process ToolSource="c:\program files (x86)\arcgis\desktop10.8\ArcToolbox\Toolboxes\Data Management Tools.tbx\CalculateField" Date="20220615" Time="114249">CalculateField AltFuels_rounds1-6_draft LIQNATURAL "Signage Pending" VB #</Process><Process ToolSource="c:\program files (x86)\arcgis\desktop10.8\ArcToolbox\Toolboxes\Data Management Tools.tbx\CalculateField" Date="20220615" Time="154549">CalculateField AltFuels_rounds1-6_draft HY_ROUND 6 VB #</Process><Process ToolSource="c:\program files (x86)\arcgis\desktop10.8\ArcToolbox\Toolboxes\Data Management Tools.tbx\CalculateField" Date="20220615" Time="154556">CalculateField AltFuels_rounds1-6_draft HY 2 VB #</Process><Process ToolSource="c:\program files (x86)\arcgis\desktop10.8\ArcToolbox\Toolboxes\Data Management Tools.tbx\CalculateField" Date="20220615" Time="154612">CalculateField AltFuels_rounds1-6_draft HYDROGEN "Signage Pending" VB #</Process><Process ToolSource="c:\program files (x86)\arcgis\desktop10.8\ArcToolbox\Toolboxes\Data Management Tools.tbx\CalculateField" Date="20220615" Time="155005">CalculateField AltFuels_rounds1-6_draft HYDROGEN "Signage Pending" VB #</Process><Process ToolSource="c:\program files (x86)\arcgis\desktop10.8\ArcToolbox\Toolboxes\Data Management Tools.tbx\CalculateField" Date="20220615" Time="155019">CalculateField AltFuels_rounds1-6_draft HY 2 VB #</Process><Process ToolSource="c:\program files (x86)\arcgis\desktop10.8\ArcToolbox\Toolboxes\Data Management Tools.tbx\CalculateField" Date="20220615" Time="155026">CalculateField AltFuels_rounds1-6_draft HY_ROUND 6 VB #</Process><Process ToolSource="c:\program files (x86)\arcgis\desktop10.8\ArcToolbox\Toolboxes\Data Management Tools.tbx\CalculateField" Date="20220615" Time="155043">CalculateField AltFuels_rounds1-6_draft ALTFUEL_RO 16 VB #</Process><Process ToolSource="c:\program files (x86)\arcgis\desktop10.8\ArcToolbox\Toolboxes\Data Management Tools.tbx\CalculateField" Date="20220615" Time="155127">CalculateField AltFuels_rounds1-6_draft ALTFUEL_RO 16 VB #</Process><Process ToolSource="c:\program files (x86)\arcgis\desktop10.8\ArcToolbox\Toolboxes\Data Management Tools.tbx\CalculateField" Date="20220615" Time="155252">CalculateField AltFuels_rounds1-6_draft ALTFUEL_RO 16 VB #</Process><Process ToolSource="c:\program files (x86)\arcgis\desktop10.8\ArcToolbox\Toolboxes\Data Management Tools.tbx\CalculateField" Date="20220615" Time="155310">CalculateField AltFuels_rounds1-6_draft HY_ROUND 6 VB #</Process><Process ToolSource="c:\program files (x86)\arcgis\desktop10.8\ArcToolbox\Toolboxes\Data Management Tools.tbx\CalculateField" Date="20220615" Time="155319">CalculateField AltFuels_rounds1-6_draft HY 2 VB #</Process><Process ToolSource="c:\program files (x86)\arcgis\desktop10.8\ArcToolbox\Toolboxes\Data Management Tools.tbx\CalculateField" Date="20220615" Time="155335">CalculateField AltFuels_rounds1-6_draft HYDROGEN "Signage Pending" VB #</Process><Process ToolSource="c:\program files (x86)\arcgis\desktop10.8\ArcToolbox\Toolboxes\Data Management Tools.tbx\CalculateField" Date="20220615" Time="155627">CalculateField AltFuels_rounds1-6_draft HYDROGEN "Signage Pending" VB #</Process><Process ToolSource="c:\program files (x86)\arcgis\desktop10.8\ArcToolbox\Toolboxes\Data Management Tools.tbx\CalculateField" Date="20220615" Time="155638">CalculateField AltFuels_rounds1-6_draft HY 2 VB #</Process><Process ToolSource="c:\program files (x86)\arcgis\desktop10.8\ArcToolbox\Toolboxes\Data Management Tools.tbx\CalculateField" Date="20220615" Time="155653">CalculateField AltFuels_rounds1-6_draft HY_ROUND 6 VB #</Process><Process ToolSource="c:\program files (x86)\arcgis\desktop10.8\ArcToolbox\Toolboxes\Data Management Tools.tbx\CalculateField" Date="20220615" Time="155713">CalculateField AltFuels_rounds1-6_draft ALTFUEL_RO 16 VB #</Process><Process ToolSource="c:\program files (x86)\arcgis\desktop10.8\ArcToolbox\Toolboxes\Data Management Tools.tbx\CalculateField" Date="20220615" Time="155811">CalculateField AltFuels_rounds1-6_draft ALTFUEL_RO 16 VB #</Process><Process ToolSource="c:\program files (x86)\arcgis\desktop10.8\ArcToolbox\Toolboxes\Data Management Tools.tbx\CalculateField" Date="20220615" Time="155838">CalculateField AltFuels_rounds1-6_draft HY_ROUND 6 VB #</Process><Process ToolSource="c:\program files (x86)\arcgis\desktop10.8\ArcToolbox\Toolboxes\Data Management Tools.tbx\CalculateField" Date="20220615" Time="155845">CalculateField AltFuels_rounds1-6_draft HY 2 VB #</Process><Process ToolSource="c:\program files (x86)\arcgis\desktop10.8\ArcToolbox\Toolboxes\Data Management Tools.tbx\CalculateField" Date="20220615" Time="155859">CalculateField AltFuels_rounds1-6_draft HYDROGEN "Signage Pending" VB #</Process><Process ToolSource="c:\program files (x86)\arcgis\desktop10.8\ArcToolbox\Toolboxes\Data Management Tools.tbx\CalculateField" Date="20220615" Time="155941">CalculateField AltFuels_rounds1-6_draft HYDROGEN "Signage Pending" VB #</Process><Process ToolSource="c:\program files (x86)\arcgis\desktop10.8\ArcToolbox\Toolboxes\Data Management Tools.tbx\CalculateField" Date="20220615" Time="155950">CalculateField AltFuels_rounds1-6_draft HY 2 VB #</Process><Process ToolSource="c:\program files (x86)\arcgis\desktop10.8\ArcToolbox\Toolboxes\Data Management Tools.tbx\CalculateField" Date="20220615" Time="160000">CalculateField AltFuels_rounds1-6_draft HY_ROUND 6 VB #</Process><Process ToolSource="c:\program files (x86)\arcgis\desktop10.8\ArcToolbox\Toolboxes\Data Management Tools.tbx\CalculateField" Date="20220615" Time="160012">CalculateField AltFuels_rounds1-6_draft ALTFUEL_RO 16 VB #</Process><Process ToolSource="c:\program files (x86)\arcgis\desktop10.8\ArcToolbox\Toolboxes\Data Management Tools.tbx\CalculateField" Date="20220615" Time="160151">CalculateField AltFuels_rounds1-6_draft HY_ROUND 6 VB #</Process><Process ToolSource="c:\program files (x86)\arcgis\desktop10.8\ArcToolbox\Toolboxes\Data Management Tools.tbx\CalculateField" Date="20220615" Time="160255">CalculateField AltFuels_rounds1-6_draft ALTFUEL_RO 256 VB #</Process><Process ToolSource="c:\program files (x86)\arcgis\desktop10.8\ArcToolbox\Toolboxes\Data Management Tools.tbx\CalculateField" Date="20220615" Time="160305">CalculateField AltFuels_rounds1-6_draft HY_ROUND 6 VB #</Process><Process ToolSource="c:\program files (x86)\arcgis\desktop10.8\ArcToolbox\Toolboxes\Data Management Tools.tbx\CalculateField" Date="20220615" Time="160311">CalculateField AltFuels_rounds1-6_draft HY 2 VB #</Process><Process ToolSource="c:\program files (x86)\arcgis\desktop10.8\ArcToolbox\Toolboxes\Data Management Tools.tbx\CalculateField" Date="20220615" Time="160344">CalculateField AltFuels_rounds1-6_draft HYDROGEN "Signage Pending" VB #</Process><Process ToolSource="c:\program files (x86)\arcgis\desktop10.8\ArcToolbox\Toolboxes\Data Management Tools.tbx\CalculateField" Date="20220615" Time="160649">CalculateField AltFuels_rounds1-6_draft HYDROGEN "Signage Pending" VB #</Process><Process ToolSource="c:\program files (x86)\arcgis\desktop10.8\ArcToolbox\Toolboxes\Data Management Tools.tbx\CalculateField" Date="20220615" Time="160920">CalculateField AltFuels_rounds1-6_draft ALTFUEL_RO 26 VB #</Process><Process ToolSource="c:\program files (x86)\arcgis\desktop10.8\ArcToolbox\Toolboxes\Data Management Tools.tbx\CalculateField" Date="20220615" Time="163622">CalculateField AltFuels_rounds1-6_draft AFC_NUMBER 471 VB #</Process><Process ToolSource="c:\program files (x86)\arcgis\desktop10.8\ArcToolbox\Toolboxes\Data Management Tools.tbx\CalculateField" Date="20220615" Time="163633">CalculateField AltFuels_rounds1-6_draft ROADTYPE I VB #</Process><Process ToolSource="c:\program files (x86)\arcgis\desktop10.8\ArcToolbox\Toolboxes\Data Management Tools.tbx\CalculateField" Date="20220615" Time="171651">CalculateField AltFuels_rounds1-6_draft EV_ROUND 6 VB #</Process><Process ToolSource="c:\program files (x86)\arcgis\desktop10.8\ArcToolbox\Toolboxes\Data Management Tools.tbx\CalculateField" Date="20220615" Time="171658">CalculateField AltFuels_rounds1-6_draft ALTFUEL_RO 46 VB #</Process><Process ToolSource="c:\program files (x86)\arcgis\desktop10.8\ArcToolbox\Toolboxes\Data Management Tools.tbx\CalculateField" Date="20220615" Time="171708">CalculateField AltFuels_rounds1-6_draft EV 2 VB #</Process><Process ToolSource="c:\program files (x86)\arcgis\desktop10.8\ArcToolbox\Toolboxes\Data Management Tools.tbx\CalculateField" Date="20220615" Time="171720">CalculateField AltFuels_rounds1-6_draft ELECTRICVE "Signage Pending" VB #</Process><Process ToolSource="c:\program files (x86)\arcgis\desktop10.8\ArcToolbox\Toolboxes\Data Management Tools.tbx\CalculateField" Date="20220616" Time="134633">CalculateField AltFuels_rounds1-6_draft HY_ROUND 6 VB #</Process><Process ToolSource="c:\program files (x86)\arcgis\desktop10.8\ArcToolbox\Toolboxes\Data Management Tools.tbx\CalculateField" Date="20220616" Time="134642">CalculateField AltFuels_rounds1-6_draft HY 2 VB #</Process><Process ToolSource="c:\program files (x86)\arcgis\desktop10.8\ArcToolbox\Toolboxes\Data Management Tools.tbx\CalculateField" Date="20220616" Time="134656">CalculateField AltFuels_rounds1-6_draft HYDROGEN "Signage Pending" VB #</Process><Process ToolSource="c:\program files (x86)\arcgis\desktop10.8\ArcToolbox\Toolboxes\Data Management Tools.tbx\CalculateField" Date="20220622" Time="092441">CalculateField AltFuels_rounds1-6_draft LPG 1 VB #</Process><Process ToolSource="c:\program files (x86)\arcgis\desktop10.8\ArcToolbox\Toolboxes\Data Management Tools.tbx\CalculateField" Date="20220622" Time="115544">CalculateField AltFuels_rounds1-6_draft NUMBER 198 VB #</Process><Process ToolSource="c:\program files (x86)\arcgis\desktop10.8\ArcToolbox\Toolboxes\Data Management Tools.tbx\CalculateField" Date="20220623" Time="152250">CalculateField AltFuels_rounds1-6_draft LPG 1 VB #</Process><Process ToolSource="c:\program files (x86)\arcgis\desktop10.8\ArcToolbox\Toolboxes\Data Management Tools.tbx\CalculateField" Date="20220623" Time="152305">CalculateField AltFuels_rounds1-6_draft PROPANE "Signage Ready" VB #</Process><Process ToolSource="c:\program files (x86)\arcgis\desktop10.8\ArcToolbox\Toolboxes\Data Management Tools.tbx\CalculateField" Date="20220627" Time="160427">CalculateField AltFuels_rounds1-6_draft ROADTYPE "I" VB #</Process><Process ToolSource="c:\program files (x86)\arcgis\desktop10.8\ArcToolbox\Toolboxes\Data Management Tools.tbx\CalculateField" Date="20220627" Time="160440">CalculateField AltFuels_rounds1-6_draft PRIMARY_NA "I3" VB #</Process><Process ToolSource="c:\program files (x86)\arcgis\desktop10.8\ArcToolbox\Toolboxes\Data Management Tools.tbx\CalculateField" Date="20220627" Time="160548">CalculateField AltFuels_rounds1-6_draft ROADTYPE "U" VB #</Process><Process ToolSource="c:\program files (x86)\arcgis\desktop10.8\ArcToolbox\Toolboxes\Data Management Tools.tbx\CalculateField" Date="20220627" Time="160602">CalculateField AltFuels_rounds1-6_draft PRIMARY_NA "U17" VB #</Process><Process ToolSource="c:\program files (x86)\arcgis\desktop10.8\ArcToolbox\Toolboxes\Data Management Tools.tbx\CalculateField" Date="20220627" Time="160755">CalculateField AltFuels_rounds1-6_draft AFC_NUMBER "" VB #</Process><Process ToolSource="c:\program files (x86)\arcgis\desktop10.8\ArcToolbox\Toolboxes\Data Management Tools.tbx\CalculateField" Date="20220627" Time="160801">CalculateField AltFuels_rounds1-6_draft ROADTYPE "" VB #</Process><Process ToolSource="c:\program files (x86)\arcgis\desktop10.8\ArcToolbox\Toolboxes\Data Management Tools.tbx\CalculateField" Date="20220627" Time="160806">CalculateField AltFuels_rounds1-6_draft NUMBER "" VB #</Process><Process ToolSource="c:\program files (x86)\arcgis\desktop10.8\ArcToolbox\Toolboxes\Data Management Tools.tbx\CalculateField" Date="20220627" Time="160811">CalculateField AltFuels_rounds1-6_draft PRIMARY_NA "" VB #</Process><Process ToolSource="c:\program files (x86)\arcgis\desktop10.8\ArcToolbox\Toolboxes\Data Management Tools.tbx\CalculateField" Date="20220627" Time="161321">CalculateField AltFuels_rounds1-6_draft ROADTYPE "" VB #</Process><Process ToolSource="c:\program files (x86)\arcgis\desktop10.8\ArcToolbox\Toolboxes\Data Management Tools.tbx\CalculateField" Date="20220627" Time="161326">CalculateField AltFuels_rounds1-6_draft NUMBER "" VB #</Process><Process ToolSource="c:\program files (x86)\arcgis\desktop10.8\ArcToolbox\Toolboxes\Data Management Tools.tbx\CalculateField" Date="20220627" Time="161331">CalculateField AltFuels_rounds1-6_draft PRIMARY_NA "" VB #</Process><Process ToolSource="c:\program files (x86)\arcgis\desktop10.8\ArcToolbox\Toolboxes\Data Management Tools.tbx\CalculateField" Date="20220627" Time="161406">CalculateField AltFuels_rounds1-6_draft PRIMARY_NA "Purchase Pkwy" VB #</Process><Process ToolSource="c:\program files (x86)\arcgis\desktop10.8\ArcToolbox\Toolboxes\Data Management Tools.tbx\CalculateField" Date="20220627" Time="161411">CalculateField AltFuels_rounds1-6_draft LOCAL_NAME "Purchase Pkwy" VB #</Process><Process ToolSource="c:\program files (x86)\arcgis\desktop10.8\ArcToolbox\Toolboxes\Data Management Tools.tbx\CalculateField" Date="20220627" Time="161527">CalculateField AltFuels_rounds1-6_draft ROADTYPE "S" VB #</Process><Process ToolSource="c:\program files (x86)\arcgis\desktop10.8\ArcToolbox\Toolboxes\Data Management Tools.tbx\CalculateField" Date="20220627" Time="161634">CalculateField AltFuels_rounds1-6_draft ROADTYPE "S" VB #</Process><Process ToolSource="c:\program files (x86)\arcgis\desktop10.8\ArcToolbox\Toolboxes\Data Management Tools.tbx\CalculateField" Date="20220627" Time="161643">CalculateField AltFuels_rounds1-6_draft PRIMARY_NA "S210" VB #</Process></lineage><itemProps><itemLocation><linkage Sync="TRUE">file://\\VOLSDBOS-05524\C$\projects\FHWA_AlternativeFuelCorridors\Round6\Round6_allRounds_workingShapefile\AltFuels_rounds1-6_2022-07-14Copy</linkage><protocol Sync="TRUE">Local Area Network</protocol></itemLocation></itemProps><copyHistory><copy source="C:\projects\FHWA_AlternativeFuelCorridors\Round6\Round6_allRounds_workingShapefile\AltFuels_rounds1-6_2022-07-14" dest="\\VOLSDBOS-05524\C$\projects\FHWA_AlternativeFuelCorridors\Round6\Round6_allRounds_workingShapefile\AltFuels_rounds1-6_2022-07-14Copy" date="20220720" time="11434300"></copy></copyHistory></DataProperties></Esri></metadata>
